,ts_code,name,limit_amount,trade_date,open,high,low,close,pre_close,change,pct_chg,vol,amount,industry,limit_type,pro,buy_rate
1,300268.SZ,佳沃股份,4,20150107,13.32,13.32,13.32,13.32,12.11,1.21,9.99,9942,13243.5698,农业综合,加速板,8.83,-9.91
4,002738.SZ,中矿资源,2,20150113,21.46,23.38,20.61,23.38,21.25,2.13,10.02,117931,261423.7715,小金属,一般板,29.96,4.79
5,002738.SZ,中矿资源,3,20150114,24.5,25.72,24.03,25.72,23.38,2.34,10.01,96134,241820.7562,小金属,一般板,19.54,3.42
13,300399.SZ,天利科技,3,20150204,92.0,95.6,91.27,95.6,86.91,8.69,10.0,14678,138218.2928,互联网,一般板,-7.87,5.64
14,002095.SZ,生意宝,3,20150205,65.0,69.08,63.83,69.08,62.8,6.28,10.0,72125,483222.4842,互联网,一般板,-11.49,5.24
19,300364.SZ,中文在线,5,20150227,54.57,54.57,52.01,54.57,49.61,4.96,10.0,87603,475651.235,出版业,一般板,32.12,5.88
27,600119.SH,ST长投,4,20150316,23.01,25.61,23.01,25.61,23.28,2.33,10.01,546250,1330862.7140000002,仓储物流,一般板,-5.72,5.43
29,002093.SZ,国脉科技,4,20150320,12.0,12.68,11.88,12.68,11.53,1.15,9.97,904857,1121645.2142,电信运营,一般板,-3.69,5.05
31,000514.SZ,渝开发,4,20150327,9.43,9.43,9.43,9.43,8.57,0.86,10.04,11766,11095.7341,区域地产,一般板,-2.34,4.24
37,600035.SH,楚天高速,6,20150415,10.2,10.45,9.6,10.45,9.5,0.95,10.0,1561904,1599091.7769999998,路桥,分歧板,4.49,-13.97
38,600035.SH,楚天高速,7,20150416,8.99,9.52,8.98,9.52,8.65,0.87,10.06,929126,877085.725,路桥,一般板,-14.04,3.68
43,601106.SH,中国一重,6,20150423,11.0,11.62,10.81,11.62,10.56,1.06,10.04,7907714,9070044.522,工程机械,一般板,-1.69,3.27
47,600744.SH,华银电力,4,20150505,9.97,9.97,9.1,9.97,9.06,0.91,10.04,1600297,1559208.914,火力发电,分歧板,0.07,-6.02
51,002427.SZ,ST尤夫,6,20150528,25.78,25.78,25.1,25.78,23.44,2.34,9.98,85550,219870.59399999998,化纤,一般板,4.85,3.88
52,002427.SZ,ST尤夫,7,20150529,26.78,28.36,23.2,28.36,25.78,2.58,10.01,309473,813153.9379,化纤,分歧板,6.51,4.02
53,002427.SZ,ST尤夫,8,20150601,29.5,31.2,28.36,31.2,28.36,2.84,10.01,225598,683180.3017,化纤,一般板,-10.88,5.77
56,300040.SZ,九洲集团,5,20150610,16.37,16.37,16.37,16.37,14.88,1.49,10.01,29241,47867.9263,电气设备,分歧板,10.4,5.07
65,002569.SZ,ST步森,3,20150702,21.0,24.72,20.22,24.72,22.47,2.25,10.01,140664,319174.2252,服饰,分歧板,11.49,-8.86
66,601599.SH,鹿港文化,5,20150723,18.39,18.39,17.5,18.39,16.72,1.67,9.99,288300,529180.863,影视音像,分歧板,-4.9,3.32
68,300480.SZ,光力科技,5,20150727,48.0,53.0,46.0,53.0,48.18,4.82,10.0,95794,499367.6192,专用机械,一般板,28.14,-9.81
77,603616.SH,韩建河山,6,20150807,42.0,48.47,41.0,48.47,44.06,4.41,10.01,194914,879493.695,其他建材,一般板,-4.78,5.22
80,000558.SZ,莱茵体育,4,20150818,24.03,24.41,22.01,24.41,22.19,2.22,10.0,834714,2030708.3359,文教休闲,一般板,18.44,-10.0
88,002027.SZ,分众传媒,8,20150914,26.66,26.66,25.32,26.66,24.24,2.42,9.98,890814,2358501.4508,影视音像,分歧板,3.88,-10.02
93,000025.SZ,特力A,6,20150921,34.5,37.77,32.11,37.77,34.34,3.43,9.99,155224,559485.8312,汽车服务,一般板,4.39,5.0
94,000025.SZ,特力A,7,20150922,39.66,41.55,39.35,41.55,37.77,3.78,10.01,163860,672347.8156,汽车服务,一般板,3.65,4.69
95,000025.SZ,特力A,8,20150923,43.5,45.71,41.65,45.71,41.55,4.16,10.01,151175,679092.5527,汽车服务,一般板,7.69,3.65
102,300191.SZ,潜能恒信,8,20151021,36.5,37.8,35.88,37.8,34.36,3.44,10.01,214730,803937.6386,石油开采,一般板,8.22,5.61
104,300191.SZ,潜能恒信,10,20151023,45.74,45.74,44.68,45.74,41.58,4.16,10.0,146157,668062.9647,石油开采,一般板,-1.08,-9.6
112,603025.SH,大豪科技,3,20160125,37.3,39.05,36.88,39.05,35.5,3.55,10.0,59918,229290.34,IT设备,一般板,-17.85,4.23
119,002423.SZ,中粮资本,4,20160217,14.54,14.54,14.54,14.54,13.22,1.32,9.98,32498,47252.5427,多元金融,一般板,-4.29,5.23
121,002226.SZ,江南化工,4,20160223,9.89,9.89,9.89,9.89,8.99,0.9,10.01,151167,149504.6674,化工原料,一般板,-1.13,4.25
129,300222.SZ,科大智能,4,20160321,26.06,26.08,25.52,26.08,23.71,2.37,10.0,132257,344528.1032,电气设备,一般板,0.93,5.83
130,000909.SZ,数源科技,4,20160322,19.02,19.02,19.02,19.02,17.29,1.73,10.01,33575,63859.9543,综合类,一般板,3.22,5.73
136,601608.SH,中信重工,3,20160405,6.61,6.61,6.51,6.61,6.01,0.6,9.98,620597,409913.93,专用机械,一般板,-1.54,5.9
138,600671.SH,*ST目药,2,20160408,29.1,32.91,29.08,32.91,29.92,2.99,9.99,61798,195107.74800000002,中成药,一般板,-11.47,4.83
143,000829.SZ,天音控股,4,20160420,16.26,16.26,16.26,16.26,14.78,1.48,10.01,318385,517694.888,其他商业,分歧板,-19.26,4.55
150,300340.SZ,科恒股份,2,20160512,31.55,34.73,30.0,34.73,31.57,3.16,10.01,183717,598385.752,元器件,一般板,5.66,5.07
156,300503.SZ,昊志机电,2,20160530,48.3,51.3,48.3,51.3,46.64,4.66,9.99,90820,451251.7766,机械基件,一般板,10.43,3.31
165,300019.SZ,硅宝科技,3,20160629,17.2,17.2,16.9,17.2,15.64,1.56,9.97,81498,140102.6397,化工原料,一般板,-3.97,3.55
178,000019.SZ,深粮控股,3,20160818,17.27,18.87,17.11,18.87,17.15,1.72,10.03,884742,1589644.3741,其他商业,一般板,-14.27,4.29
184,002319.SZ,*ST乐通,3,20160905,20.91,20.91,20.91,20.91,19.01,1.9,9.99,6532,13660.1475,染料涂料,一般板,-5.44,4.73
187,000678.SZ,襄阳轴承,2,20160914,10.2,10.2,10.2,10.2,9.27,0.93,10.03,72830,74287.0998,机械基件,一般板,0.65,3.63
193,000757.SZ,浩物股份,2,20161010,10.09,10.59,9.83,10.59,9.63,0.96,9.97,761977,773588.0607,汽车配件,一般板,8.63,5.67
196,600657.SH,信达地产,2,20161014,6.43,6.84,6.4,6.84,6.22,0.62,9.97,1399078,940909.0179999999,全国地产,分歧板,1.63,4.68
199,000912.SZ,泸天化,4,20161024,10.3,11.14,10.23,11.14,10.13,1.01,9.97,442289,482224.3661,农药化肥,一般板,9.19,5.57
203,000935.SZ,四川双马,4,20161101,34.33,35.24,33.0,35.24,32.04,3.2,9.99,220065,765025.8570000001,水泥,一般板,-0.7,4.99
221,600722.SH,金牛化工,4,20161215,13.1,13.29,12.56,13.29,12.08,1.21,10.02,1167686,1529712.7030000002,化工原料,分歧板,-10.35,-10.01
222,002561.SZ,徐家汇,4,20161219,20.0,20.66,19.8,20.66,18.78,1.88,10.01,853878,1736027.604,百货,分歧板,-11.7,-6.1
227,002300.SZ,太阳电缆,3,20170106,12.9,13.65,12.52,13.65,12.41,1.24,9.99,555294,739527.536,电气设备,一般板,-2.24,5.49
228,002388.SZ,新亚制程,2,20170113,11.98,12.8,11.8,12.8,11.64,1.16,9.97,616756,774477.974,元器件,分歧板,-7.83,4.61
229,603689.SH,皖天然气,3,20170118,19.41,20.08,18.58,20.08,18.25,1.83,10.03,392890,767174.559,供气供热,一般板,-3.51,-7.82
230,300311.SZ,任子行,3,20170119,15.58,17.44,15.4,17.44,15.85,1.59,10.03,394872,646244.083,软件服务,一般板,8.15,4.07
235,603663.SH,三祥新材,3,20170208,36.5,38.82,35.53,38.82,35.29,3.53,10.0,101419,382219.224,矿物制品,一般板,-6.7,4.61
244,300374.SZ,中铁装配,2,20170309,22.08,23.8,22.0,23.8,21.64,2.16,9.98,119114,272217.925,其他建材,一般板,-5.93,5.0
245,603881.SH,数据港,2,20170310,58.27,58.27,58.27,58.27,52.97,5.3,10.01,17394,101356.295,电信运营,加速板,16.91,4.99
248,601212.SH,白银有色,3,20170315,12.37,12.93,12.15,12.93,11.75,1.18,10.04,2254727,2839179.2260000003,铜,一般板,8.98,5.72
251,002302.SZ,西部建设,3,20170324,15.68,16.42,15.4,16.42,14.93,1.49,9.98,690406,1112233.425,水泥,一般板,4.78,4.14
258,600008.SH,首创股份,6,20170413,7.6,8.33,7.58,8.33,7.57,0.76,10.04,9810780,7836580.835,环境保护,分歧板,-10.55,-7.68
261,000856.SZ,冀东装备,3,20170426,29.57,31.14,29.57,31.14,28.31,2.83,10.0,759762,2324497.501,机械基件,一般板,19.69,5.97
268,002865.SZ,钧达股份,2,20170509,27.5,30.72,26.95,30.72,27.93,2.79,9.99,127913,380521.21200000006,汽车配件,一般板,16.04,4.17
270,002865.SZ,钧达股份,4,20170511,32.0,37.17,31.5,37.17,33.79,3.38,10.0,187436,642001.343,汽车配件,一般板,-7.34,4.76
271,002350.SZ,北京科锐,4,20170519,27.23,27.23,27.23,27.23,24.75,2.48,10.02,55156,150190.93099999998,电气设备,分歧板,-5.16,4.63
275,000638.SZ,万方发展,3,20170606,13.55,14.14,12.95,14.14,12.85,1.29,10.04,540812,744506.9920000001,软件服务,分歧板,8.44,3.11
279,002695.SZ,煌上煌,2,20170613,19.48,20.66,18.7,20.66,18.78,1.88,10.01,335309,664562.5210000001,食品,一般板,5.19,4.99
287,300633.SZ,开立医疗,3,20170705,22.5,24.78,22.44,24.78,22.53,2.25,9.99,140194,329535.69,医疗保健,一般板,4.82,4.8
288,300633.SZ,开立医疗,4,20170706,25.97,27.26,25.39,27.26,24.78,2.48,10.01,170090,447229.703,医疗保健,一般板,-5.64,4.92
290,002802.SZ,洪汇新材,3,20170718,38.2,41.79,37.99,41.79,37.99,3.8,10.0,95640,382478.89,化工原料,一般板,-3.51,3.02
301,002743.SZ,富煌钢构,3,20170814,14.6,14.99,14.41,14.99,13.63,1.36,9.98,338678,502250.32899999997,钢加工,一般板,-0.58,3.4
303,300678.SZ,中科信息,4,20170817,36.33,39.96,36.0,39.96,36.33,3.63,9.99,69581,264768.917,软件服务,一般板,63.85,5.38
305,603602.SH,纵横通信,3,20170822,46.87,46.87,46.87,46.87,42.61,4.26,10.0,3884,18204.495,通信设备,加速板,44.65,5.82
311,603042.SH,华脉科技,4,20170830,33.0,37.09,32.8,37.09,33.72,3.37,9.99,240167,859021.9959999999,通信设备,一般板,-2.09,-6.23
313,300678.SZ,中科信息,5,20170901,69.58,69.58,69.58,69.58,63.25,6.33,10.01,6425,44709.394,软件服务,一般板,21.27,3.48
315,300692.SZ,中环环保,2,20170912,56.5,58.08,55.0,58.08,52.8,5.28,10.0,114306,656591.504,环境保护,一般板,9.66,-8.26
325,300585.SZ,奥联电子,3,20171010,23.2,24.3,22.83,24.3,22.09,2.21,10.0,84598,199439.775,汽车配件,一般板,3.01,5.68
330,300701.SZ,森霸传感,2,20171017,54.9,59.65,54.54,59.65,54.23,5.42,9.99,82857,474628.44,元器件,一般板,-18.82,3.81
331,300277.SZ,海联讯,3,20171019,12.89,13.17,12.77,13.17,11.97,1.2,10.03,259867,340888.595,软件服务,一般板,15.92,-8.81
335,002846.SZ,英联股份,2,20171026,36.88,39.77,36.35,39.77,36.15,3.62,10.01,150157,574053.805,广告包装,一般板,-9.92,3.57
339,300706.SZ,阿石创,3,20171107,100.3,105.0,98.7,105.0,95.45,9.55,10.01,99954,1029495.182,元器件,一般板,5.07,3.8
340,603938.SH,三孚股份,2,20171109,34.5,38.68,34.18,38.68,35.16,3.52,10.01,158162,572851.433,化工原料,一般板,-3.75,4.42
341,603937.SH,丽岛新材,2,20171114,27.61,29.6,27.55,29.6,26.91,2.69,10.0,325761,944701.579,铝,分歧板,16.55,-8.75
344,002619.SZ,艾格拉斯,3,20171121,7.95,8.48,7.71,8.48,7.71,0.77,9.99,561560,458039.458,互联网,一般板,-13.8,4.95
347,002302.SZ,西部建设,2,20171128,14.8,16.23,14.7,16.23,14.75,1.48,10.03,437127,677600.315,水泥,一般板,1.4,5.48
360,600903.SH,贵州燃气,4,20171225,13.35,13.94,13.1,13.94,12.67,1.27,10.02,713719,974469.15,供气供热,一般板,32.91,3.16
368,002907.SZ,华森制药,5,20180111,33.44,35.29,33.0,35.29,32.08,3.21,10.01,152027,522239.75,化学制药,一般板,0.24,4.85
378,603895.SH,天永智能,4,20180212,58.5,58.51,56.91,58.51,53.19,5.32,10.0,34025,198937.34600000002,专用机械,加速板,-14.39,5.96
380,600579.SH,克劳斯,3,20180222,9.97,10.29,9.9,10.29,9.35,0.94,10.05,27983,28340.592999999997,化工机械,一般板,9.82,4.96
384,600903.SH,贵州燃气,4,20180301,26.55,28.34,24.47,28.34,25.76,2.58,10.02,585329,1584125.616,供气供热,一般板,-1.86,4.09
388,000790.SZ,华神科技,4,20180309,9.44,9.45,9.04,9.45,8.59,0.86,10.01,602527,562947.425,中成药,分歧板,-6.8,3.7
390,000151.SZ,中成股份,3,20180315,14.05,14.73,13.69,14.73,13.39,1.34,10.01,373097,533849.504,商贸代理,一般板,19.79,5.97
392,300624.SZ,万兴科技,8,20180319,97.46,97.48,95.0,97.48,88.62,8.86,10.0,43089,419048.75,软件服务,分歧板,6.41,4.64
404,002908.SZ,德生科技,2,20180416,39.0,42.72,37.55,42.72,38.84,3.88,9.99,180860,719947.05,元器件,一般板,-6.21,5.34
405,002908.SZ,德生科技,3,20180417,45.0,46.99,44.11,46.99,42.72,4.27,10.0,255325,1186758.348,元器件,一般板,-0.07,-10.0
407,002806.SZ,华锋股份,3,20180419,23.3,23.3,23.3,23.3,21.18,2.12,10.01,9425,21962.16,元器件,一般板,19.82,5.15
418,002930.SZ,宏川智慧,4,20180514,41.53,41.53,38.0,41.53,37.75,3.78,10.01,302077,1227288.738,仓储物流,一般板,8.23,5.95
426,603800.SH,道森股份,5,20180525,21.99,21.99,21.99,21.99,19.99,2.0,10.01,19034,41856.866,专用机械,加速板,-1.65,3.64
427,603800.SH,道森股份,6,20180528,22.79,24.19,22.0,24.19,21.99,2.2,10.0,248935,587636.996,专用机械,分歧板,-5.04,-9.96
437,002684.SZ,ST猛狮,3,20180621,9.24,9.5,9.18,9.5,8.64,0.86,9.95,180252,169650.68899999998,电气设备,一般板,9.55,5.26
441,300312.SZ,邦讯技术,4,20180703,9.66,9.66,9.66,9.66,8.78,0.88,10.02,72471,70007.411,通信设备,加速板,-4.52,3.52
451,300586.SZ,美联新材,3,20180720,20.2,20.98,20.1,20.98,19.07,1.91,10.0157,161316,334299.271,化工原料,分歧板,-18.27,4.86
456,000509.SZ,*ST华塑,4,20180730,3.62,3.62,3.51,3.62,3.29,0.33,10.0304,996421,359969.276,医疗保健,分歧板,-1.28,-6.35
466,603032.SH,德新交运,3,20180822,13.66,14.27,13.66,14.27,12.97,1.3,10.0231,162843,229941.223,公路,一般板,0.91,3.5
472,000669.SZ,*ST金鸿,3,20180903,5.49,5.71,5.33,5.71,5.19,0.52,10.0193,618344,348367.66799999995,供气供热,分歧板,8.25,3.85
479,300023.SZ,宝德股份,4,20180914,7.2,7.33,7.06,7.33,6.66,0.67,10.0601,205513,149864.351,专用机械,一般板,20.35,5.46
483,603917.SH,合力科技,3,20180925,17.6,17.66,16.68,17.66,16.05,1.61,10.0312,77104,134972.747,汽车配件,一般板,-8.75,5.32
487,300670.SZ,大烨智能,3,20181011,15.66,17.01,15.06,17.01,15.46,1.55,10.0259,250050,406045.477,电气设备,一般板,9.45,3.82
490,600766.SH,园城黄金,3,20181016,6.21,6.48,6.21,6.48,5.89,0.59,10.017000000000001,76094,48752.879,黄金,加速板,-1.22,3.09
493,000750.SZ,国海证券,4,20181025,3.85,4.26,3.81,4.26,3.87,0.39,10.0775,3892100,1547619.625,证券,一般板,-1.77,4.23
494,000622.SZ,恒立实业,3,20181026,4.15,4.15,4.15,4.15,3.77,0.38,10.0796,16175,6712.67,汽车配件,加速板,61.55,3.61
507,600604.SH,市北高新,11,20181119,10.08,10.08,10.08,10.08,9.16,0.92,10.0437,154059,155292.34900000002,园区开发,加速板,-0.21,4.46
512,002288.SZ,超华科技,6,20181203,5.5,5.68,5.42,5.68,5.16,0.52,10.0775,625873,349913.341,元器件,一般板,-13.22,3.87
513,002288.SZ,超华科技,7,20181204,5.9,6.25,5.68,6.25,5.68,0.57,10.0352,2070239,1260940.33,元器件,分歧板,-8.96,-9.92
515,300175.SZ,朗源股份,3,20181207,5.15,5.35,5.15,5.35,4.86,0.49,10.0823,406023,215761.238,食品,一般板,1.73,-9.91
516,300746.SZ,汉嘉设计,2,20181213,18.99,20.15,18.18,20.15,18.32,1.83,9.9891,118198,227683.12300000002,建筑工程,分歧板,13.64,4.07
522,002927.SZ,泰永长征,5,20181224,36.9,37.64,36.58,37.64,34.22,3.42,9.9942,81650,305290.228,电气设备,一般板,28.38,-9.99
528,601700.SH,风范股份,5,20190103,4.3,4.62,4.11,4.62,4.2,0.42,10.0,916494,408022.902,电气设备,一般板,29.0,4.98
532,601700.SH,风范股份,9,20190109,6.55,6.77,6.3,6.77,6.15,0.62,10.0813,959990,632010.081,电气设备,一般板,-0.84,3.4
535,603220.SH,中贝通信,4,20190114,30.83,30.83,26.88,30.83,28.03,2.8,9.9893,560912,1672394.135,通信设备,分歧板,1.09,-9.67
536,000410.SZ,*ST沈机,3,20190116,8.48,8.48,8.48,8.48,7.71,0.77,9.987,43081,36532.696,机床制造,一般板,-7.06,4.83
539,600218.SH,全柴动力,5,20190125,8.79,9.71,8.52,9.71,8.83,0.88,9.966000000000001,792421,734828.2790000001,农用机械,一般板,-13.49,3.5
544,000862.SZ,银星能源,5,20190212,4.8,4.8,4.8,4.8,4.36,0.44,10.0917,48571,23314.185,新型电力,加速板,34.19,4.17
553,601519.SH,大智慧,6,20190228,7.84,7.84,7.39,7.84,7.13,0.71,9.9579,3101366,2410146.239,软件服务,分歧板,45.42,-9.95
555,002750.SZ,龙津药业,8,20190311,15.52,15.52,14.95,15.52,14.11,1.41,9.9929,504473,777870.55,中成药,分歧板,7.38,3.09
556,002175.SZ,ST东网,8,20190312,7.37,7.72,7.0,7.72,7.02,0.7,9.9715,1306197,989259.928,电器仪表,一般板,-14.46,3.63
557,002175.SZ,ST东网,9,20190313,8.0,8.49,7.76,8.49,7.72,0.77,9.9741,2201459,1828593.38,电器仪表,一般板,-10.33,-10.01
558,600624.SH,复旦复华,6,20190318,11.25,12.09,10.75,12.09,10.99,1.1,10.0091,2451021,2846833.692,化学制药,一般板,34.14,-6.95
559,600624.SH,复旦复华,7,20190319,11.25,13.3,11.15,13.3,12.09,1.21,10.0083,1790751,2228732.045,化学制药,一般板,7.25,5.41
564,000610.SZ,西安旅游,6,20190327,14.04,16.29,14.04,16.29,14.81,1.48,9.9932,976734,1485189.7659999998,旅游服务,一般板,-19.56,3.5
574,600081.SH,东风科技,6,20190417,17.09,18.39,17.09,18.39,16.72,1.67,9.988,523650,932826.442,汽车配件,一般板,-8.44,5.49
581,300405.SZ,科隆股份,4,20190430,13.7,14.18,13.6,14.18,12.89,1.29,10.0078,75981,105665.53199999999,化工原料,一般板,14.67,5.71
583,300405.SZ,科隆股份,6,20190507,17.16,17.16,16.69,17.16,15.6,1.56,10.0,69735,119615.19,化工原料,一般板,-4.3,5.07
591,000713.SZ,丰乐种业,5,20190517,14.99,16.05,14.99,16.05,14.59,1.46,10.0069,718071,1122677.742,种植业,一般板,-31.76,5.92
596,300748.SZ,金力永磁,6,20190530,54.27,54.27,51.01,54.27,49.34,4.93,9.9919,188457,1007225.2690000001,元器件,分歧板,9.72,4.81
604,300615.SZ,欣天科技,7,20190612,37.62,37.62,36.7,37.62,34.2,3.42,10.0,64151,240987.06699999998,元器件,一般板,-27.77,4.2
607,603258.SH,电魂网络,5,20190619,29.59,29.59,29.59,29.59,26.9,2.69,10.0,12905,38185.895,互联网,加速板,10.9,4.77
608,603258.SH,电魂网络,6,20190620,31.0,32.55,29.18,32.55,29.59,2.96,10.0034,251005,780710.902,互联网,分歧板,-1.41,4.45
621,600078.SH,澄星股份,4,20190715,6.09,6.24,5.88,6.24,5.67,0.57,10.0529,977183,597928.926,化工原料,分歧板,7.39,5.77
632,000890.SZ,*ST胜尔,4,20190801,6.26,6.84,6.26,6.84,6.22,0.62,9.9678,1066429,714354.822,钢加工,分歧板,8.81,-7.6
634,300748.SZ,金力永磁,4,20190807,63.0,65.23,60.5,65.23,59.3,5.93,10.0,149159,944823.255,元器件,一般板,-8.99,5.78
636,002949.SZ,华阳国际,5,20190809,29.21,31.75,28.68,31.75,28.86,2.89,10.0139,144956,450148.213,建筑工程,一般板,-22.56,4.22
637,603920.SH,世运电路,3,20190813,17.34,17.34,16.78,17.34,15.76,1.58,10.0254,640405,1105206.46,元器件,分歧板,-7.39,3.81
642,002201.SZ,九鼎新材,5,20190821,20.25,22.23,20.1,22.23,20.21,2.02,9.9951,483538,1046379.066,玻璃,一般板,7.21,5.08
645,000056.SZ,皇庭国际,4,20190826,5.08,5.69,4.99,5.69,5.17,0.52,10.058,844593,462723.239,房产服务,一般板,-2.28,-6.15
649,002417.SZ,深南股份,6,20190905,10.88,10.99,10.38,10.99,9.99,1.0,10.01,572856,621942.067,软件服务,一般板,-0.61,4.64
651,002134.SZ,天津普林,5,20190910,12.9,12.9,12.71,12.9,11.73,1.17,9.9744,176856,227980.234,元器件,一般板,-16.42,5.35
653,300270.SZ,中威电子,4,20190912,11.29,12.07,11.11,12.07,10.97,1.1,10.0273,501087,596275.135,通信设备,一般板,-13.54,3.56
654,300480.SZ,光力科技,3,20190916,19.99,21.13,19.61,21.13,19.21,1.92,9.9948,84265,172345.65399999998,专用机械,一般板,-17.79,4.12
655,002819.SZ,东方中科,3,20190917,26.5,27.13,25.9,27.13,24.66,2.47,10.0162,165841,447285.508,电器仪表,分歧板,27.44,5.05
657,002819.SZ,东方中科,5,20190919,28.61,32.82,27.91,32.82,29.84,2.98,9.9866,259548,770863.55,电器仪表,一般板,5.39,4.66
660,002552.SZ,宝鼎科技,6,20190925,15.33,15.33,15.33,15.33,13.94,1.39,9.9713,8852,13570.146,机械基件,一般板,-4.39,3.72
676,300089.SZ,文化长城,6,20191031,5.35,5.95,5.0,5.95,5.41,0.54,9.9815,1032141,570167.779,文教休闲,一般板,-3.06,-7.56
681,002552.SZ,宝鼎科技,5,20191115,27.0,29.15,25.36,29.15,26.5,2.65,10.0,423721,1171029.586,机械基件,一般板,-12.13,3.67
685,000835.SZ,*ST长动,3,20191121,4.02,4.38,3.76,4.38,3.98,0.4,10.0503,489897,200781.887,影视音像,一般板,1.61,3.88
690,600243.SH,*ST海华,3,20191129,5.08,5.2,4.86,5.2,4.73,0.47,9.9366,478358,243498.887,机床制造,分歧板,-3.06,5.58
694,300643.SZ,万通智控,5,20191205,16.94,17.17,16.51,17.17,15.61,1.56,9.9936,141008,238763.992,汽车配件,一般板,3.24,4.83
695,300643.SZ,万通智控,6,20191206,18.0,18.89,17.21,18.89,17.17,1.72,10.0175,472022,866905.9959999999,汽车配件,分歧板,-5.65,3.39
705,300707.SZ,威唐工业,6,20191227,20.7,21.29,20.26,21.29,19.35,1.94,10.0258,305027,640876.874,专用机械,一般板,-9.07,-6.06
706,603598.SH,引力传媒,5,20191230,15.48,15.69,14.52,15.69,14.26,1.43,10.0281,468944,725200.455,影视音像,分歧板,39.24,-10.01
712,002837.SZ,英维克,4,20200116,26.1,27.83,26.1,27.83,25.3,2.53,10.0,133054,361894.63399999996,专用机械,一般板,-0.32,4.2
715,000700.SZ,模塑科技,7,20200123,11.0,12.29,10.7,12.29,11.17,1.12,10.0269,1782108,2108341.988,汽车配件,一般板,33.97,-8.87
716,600513.SH,联环药业,6,20200203,14.69,14.69,14.69,14.69,13.35,1.34,10.0375,45294,66538.193,化学制药,加速板,34.61,4.02
717,600513.SH,联环药业,7,20200204,15.28,16.16,14.98,16.16,14.69,1.47,10.0068,617594,975687.79,化学制药,分歧板,21.37,4.7
720,600513.SH,联环药业,10,20200207,21.52,21.52,20.5,21.52,19.56,1.96,10.0204,553948,1186895.502,化学制药,分歧板,-10.69,3.86
721,300051.SZ,三五互联,8,20200210,13.63,13.63,13.01,13.63,12.39,1.24,10.0081,1057719,1439839.284,互联网,分歧板,0.75,4.04
727,002613.SZ,北玻股份,6,20200219,4.62,4.62,4.62,4.62,4.2,0.42,10.0,93242,43078.172999999995,专用机械,一般板,5.17,5.63
729,300102.SZ,乾照光电,6,20200221,8.02,8.02,8.02,8.02,7.29,0.73,10.0137,69507,55744.982,半导体,加速板,3.91,-6.36
730,002062.SZ,宏润建设,8,20200306,7.05,7.3,7.03,7.3,6.64,0.66,9.9398,2875267,2086965.084,建筑工程,分歧板,-8.25,-10.0
735,002953.SZ,日丰股份,6,20200320,47.82,47.82,45.47,47.82,43.47,4.35,10.0069,92903,443690.278,电气设备,分歧板,-9.68,3.51
742,600268.SH,国电南自,5,20200420,9.6,10.27,9.33,10.27,9.34,0.93,9.9572,1617937,1604115.0669999998,电气设备,一般板,14.78,5.06
744,600268.SH,国电南自,7,20200422,11.0,12.43,10.81,12.43,11.3,1.13,10.0,1410827,1685216.1530000002,电气设备,一般板,-8.66,4.51
746,000019.SZ,深粮控股,5,20200424,11.33,11.73,10.88,11.73,10.66,1.07,10.0375,1452403,1657649.5780000002,其他商业,分歧板,-13.57,-6.39
750,002046.SZ,国机精工,6,20200513,9.38,9.87,9.33,9.87,8.97,0.9,10.0334,606043,586923.958,机械基件,一般板,2.07,4.26
758,000551.SZ,创元科技,4,20200525,10.5,10.99,10.2,10.99,9.99,1.0,10.01,594648,641025.585,专用机械,一般板,10.12,3.91
762,603353.SH,和顺石油,4,20200609,45.27,45.27,42.5,45.27,41.15,4.12,10.0122,131647,583277.186,石油贸易,分歧板,-6.09,3.89
764,002612.SZ,朗姿股份,4,20200611,11.97,12.2,11.97,12.2,11.09,1.11,10.009,130879,158806.017,服饰,一般板,7.97,-7.46
770,002909.SZ,集泰股份,3,20200622,10.72,11.3,10.72,11.3,10.27,1.03,10.0292,119701,134151.101,化工原料,一般板,-20.09,3.54
774,300612.SZ,宣亚国际,4,20200630,27.0,30.11,26.2,30.11,27.37,2.74,10.011000000000001,114035,331611.291,广告包装,一般板,3.13,4.92
776,300464.SZ,星徽精密,9,20200708,23.33,23.33,22.2,23.33,21.21,2.12,9.9953,171004,397055.196,机械基件,一般板,0.19,4.97
778,000698.SZ,沈阳化工,8,20200713,6.61,6.61,6.4,6.61,6.01,0.6,9.9834,584738,386162.69700000004,化工原料,一般板,13.61,4.08
784,000421.SZ,南京公用,6,20200721,8.15,8.15,7.5,8.15,7.41,0.74,9.9865,1142225,909740.5240000001,供气供热,分歧板,10.33,-9.94
798,002417.SZ,深南股份,4,20200811,10.33,11.36,10.05,11.36,10.33,1.03,9.971,516079,569820.243,软件服务,一般板,-3.69,4.67
800,002506.SZ,协鑫集成,4,20200813,5.5,5.73,5.49,5.73,5.21,0.52,9.9808,3875052,2179754.366,电气设备,一般板,-22.68,4.36
801,300278.SZ,华昌达,4,20200814,6.28,6.4,5.8,6.4,5.82,0.58,9.9656,733126,454169.586,专用机械,分歧板,6.1,3.75
802,300278.SZ,华昌达,5,20200817,6.64,7.04,6.03,7.04,6.4,0.64,10.0,1455321,975155.225,专用机械,一般板,-11.95,5.11
805,600589.SH,广东榕泰,3,20200820,5.13,5.69,4.91,5.69,5.17,0.52,10.058,1003350,542009.121,塑料,一般板,-17.57,5.8
808,300313.SZ,天山生物,9,20200826,12.0,13.4,10.53,13.4,11.17,2.23,19.9642,521667,644473.844,农业综合,一般板,33.83,-7.54
812,300313.SZ,天山生物,15,20200903,19.3,23.16,18.51,23.16,19.3,3.86,20.0,671737,1401383.715,农业综合,一般板,30.82,-9.5
815,300301.SZ,长方集团,10,20200908,7.7,8.3,7.15,8.3,6.92,1.38,19.9422,1985082,1571777.655,半导体,分歧板,-11.57,-20.0
816,300185.SZ,通裕重工,5,20200909,5.63,6.46,5.63,6.04,5.38,0.66,12.2677,10873231,6758369.039,工程机械,一般板,-25.7,-6.13
818,300863.SZ,卡倍亿,8,20200916,106.25,127.5,100.01,127.5,106.25,21.25,20.0,84897,975534.7390000001,汽车配件,一般板,-1.84,3.53
821,600481.SH,双良节能,4,20200921,4.94,4.94,4.94,4.94,4.49,0.45,10.0223,76604,37842.712,环境保护,加速板,17.36,3.64
823,600481.SH,双良节能,6,20200923,5.9,5.97,5.9,5.97,5.43,0.54,9.9448,604810,359781.19200000004,环境保护,加速板,-12.54,5.53
831,300062.SZ,中能电气,7,20201015,13.27,15.31,12.33,14.48,12.76,1.72,13.4796,1032920,1449305.0769999998,电气设备,一般板,-4.93,-6.77
832,300819.SZ,聚杰微纤,4,20201016,39.01,44.59,39.01,44.59,37.16,7.43,19.9946,167873,714021.7940000001,化纤,一般板,-1.84,3.16
833,300819.SZ,聚杰微纤,5,20201019,46.0,53.51,42.02,50.59,44.59,6.0,13.4559,177736,865568.875,化纤,一般板,-1.03,-6.11
837,300582.SZ,英飞特,6,20201026,24.0,28.34,23.0,28.34,23.62,4.72,19.9831,585725,1490373.0780000002,半导体,一般板,-11.16,5.5
