,ts_code,name,limit_amount,trade_date,open,high,low,close,pre_close,change,pct_chg,vol,amount,industry,profits,sum
0,600227.SH,圣济堂,4,20150105,6.67,6.69,6.6,6.69,6.08,0.61,10.03,292808,195411.42899999997,化学制药,,
1,300268.SZ,佳沃股份,4,20150107,13.32,13.32,13.32,13.32,12.11,1.21,9.99,9942,13243.5698,农业综合,8.83,8.83
2,601880.SH,大连港,2,20150109,5.34,5.72,5.22,5.72,5.2,0.52,10.0,3234698,1788539.054,港口,-9.62,-0.7899999999999991
3,300244.SZ,迪安诊断,2,20150112,47.0,53.15,46.6,53.15,48.32,4.83,10.0,74879,374381.3493,医疗保健,-5.74,-6.529999999999999
4,002738.SZ,中矿资源,2,20150113,21.46,23.38,20.61,23.38,21.25,2.13,10.02,117931,261423.7715,小金属,29.96,23.43
5,002738.SZ,中矿资源,3,20150114,24.5,25.72,24.03,25.72,23.38,2.34,10.01,96134,241820.7562,小金属,19.54,42.97
6,002738.SZ,中矿资源,4,20150115,26.6,28.29,26.36,28.29,25.72,2.57,9.99,113100,312623.2696,小金属,5.02,47.989999999999995
7,002738.SZ,中矿资源,5,20150116,30.21,31.12,30.14,31.12,28.29,2.83,10.0,56305,173884.4616,小金属,18.43,66.41999999999999
8,002738.SZ,中矿资源,6,20150119,33.33,34.23,30.5,34.23,31.12,3.11,9.99,169655,560273.0343,小金属,17.46,83.88
9,002738.SZ,中矿资源,7,20150120,33.6,37.65,33.58,37.65,34.23,3.42,9.99,94650,344109.9416,小金属,,
10,300292.SZ,吴通控股,2,20150123,24.15,25.0,24.0,25.0,22.73,2.27,9.99,181354,448123.0776,软件服务,-3.47,80.41
11,000498.SZ,山东路桥,2,20150128,6.0,6.5,5.85,6.5,5.91,0.59,9.98,944354,598051.1887,建筑工程,-4.69,75.72
12,000626.SZ,远大控股,3,20150202,25.49,27.01,24.91,27.01,24.55,2.46,10.02,114022,302003.7677,商贸代理,6.19,81.91
13,300399.SZ,天利科技,3,20150204,92.0,95.6,91.27,95.6,86.91,8.69,10.0,14678,138218.2928,互联网,-7.87,74.03999999999999
14,002095.SZ,生意宝,3,20150205,65.0,69.08,63.83,69.08,62.8,6.28,10.0,72125,483222.4842,互联网,-11.49,62.54999999999999
15,002469.SZ,三维工程,3,20150209,19.01,20.23,18.31,20.23,18.39,1.84,10.01,435481,850628.517,建筑工程,-6.26,56.28999999999999
16,300364.SZ,中文在线,4,20150213,47.9,49.61,46.85,49.61,45.1,4.51,10.0,101737,495097.4421,出版业,,
17,000626.SZ,远大控股,4,20150217,29.3,29.71,28.01,29.71,27.01,2.7,10.0,50222,147614.9538,商贸代理,,
18,000626.SZ,远大控股,5,20150225,32.68,32.68,30.44,32.68,29.71,2.97,10.0,115824,372748.0051,商贸代理,48.41,104.69999999999999
19,300364.SZ,中文在线,5,20150227,54.57,54.57,52.01,54.57,49.61,4.96,10.0,87603,475651.235,出版业,32.12,136.82
20,300364.SZ,中文在线,6,20150302,57.78,60.03,57.3,60.03,54.57,5.46,10.01,53716,316587.3935,出版业,,
21,300364.SZ,中文在线,7,20150303,66.03,66.03,64.88,66.03,60.03,6.0,10.0,24900,164358.7366,出版业,,
22,300364.SZ,中文在线,8,20150304,72.63,72.63,71.0,72.63,66.03,6.6,10.0,23033,166837.1185,出版业,,
23,000626.SZ,远大控股,5,20150305,51.17,51.18,47.58,51.18,46.53,4.65,9.99,200521,1010690.813,商贸代理,-5.06,131.76
24,300081.SZ,恒信东方,3,20150311,41.0,41.0,40.76,41.0,37.27,3.73,10.01,65713,269414.347,文教休闲,20.09,151.85
25,600119.SH,ST长投,2,20150312,20.0,21.16,19.91,21.16,19.24,1.92,9.98,192048,397162.154,仓储物流,16.3,168.15
26,600119.SH,ST长投,3,20150313,23.0,23.28,21.51,23.28,21.16,2.12,10.02,868035,1968483.4540000001,仓储物流,16.25,184.4
27,600119.SH,ST长投,4,20150316,23.01,25.61,23.01,25.61,23.28,2.33,10.01,546250,1330862.7140000002,仓储物流,-5.72,178.68
28,600095.SH,湘财股份,4,20150317,12.4,13.15,12.35,13.15,11.95,1.2,10.04,397745,517319.465,证券,-10.85,167.83
29,002093.SZ,国脉科技,4,20150320,12.0,12.68,11.88,12.68,11.53,1.15,9.97,904857,1121645.2142,电信运营,-3.69,164.14000000000001
30,300299.SZ,富春股份,4,20150326,24.8,25.05,23.51,25.05,22.77,2.28,10.01,205948,508057.7511,互联网,-2.86,161.28
31,000514.SZ,渝开发,4,20150327,9.43,9.43,9.43,9.43,8.57,0.86,10.04,11766,11095.7341,区域地产,-2.34,158.94
32,603030.SH,全筑股份,4,20150401,29.83,30.42,29.51,30.42,27.65,2.77,10.02,38426,115422.76699999999,装修装饰,,
33,603030.SH,全筑股份,5,20150402,33.46,33.46,33.46,33.46,30.42,3.04,9.99,5713,19117.07,装修装饰,,
34,603030.SH,全筑股份,6,20150403,36.81,36.81,33.46,36.81,33.46,3.35,10.01,58730,215265.486,装修装饰,-9.11,149.82999999999998
35,601010.SH,文峰股份,4,20150407,40.49,43.04,40.02,43.04,39.13,3.91,9.99,336277,1408667.0369999998,超市连锁,1.18,151.01
36,601010.SH,文峰股份,5,20150408,43.6,47.34,41.0,47.34,43.04,4.3,9.99,453464,2050138.352,超市连锁,-56.62,94.38999999999999
37,600035.SH,楚天高速,6,20150415,10.2,10.45,9.6,10.45,9.5,0.95,10.0,1561904,1599091.7769999998,路桥,4.49,98.87999999999998
38,600035.SH,楚天高速,7,20150416,8.99,9.52,8.98,9.52,8.65,0.87,10.06,929126,877085.725,路桥,-14.04,84.83999999999997
39,601766.SH,中国中车,5,20150417,35.88,35.88,35.88,35.88,32.62,3.26,9.99,389499,1397522.4119999998,运输设备,,
40,000410.SZ,*ST沈机,4,20150420,22.61,22.61,22.61,22.61,20.55,2.06,10.02,9565,21628.2738,机床制造,,
41,000410.SZ,*ST沈机,5,20150421,24.87,24.87,24.87,24.87,22.61,2.26,10.0,20502,50989.2947,机床制造,,
42,000410.SZ,*ST沈机,6,20150422,27.36,27.36,25.51,27.36,24.87,2.49,10.01,680700,1857162.3336,机床制造,4.21,89.04999999999997
43,601106.SH,中国一重,6,20150423,11.0,11.62,10.81,11.62,10.56,1.06,10.04,7907714,9070044.522,工程机械,-1.69,87.35999999999997
44,002721.SZ,金一文化,4,20150428,58.99,59.88,58.99,59.88,54.44,5.44,9.99,21814,129918.8954,服饰,-12.38,74.97999999999998
45,600688.SH,上海石化,4,20150429,10.09,10.45,9.4,10.45,9.5,0.95,10.0,5119940,5139544.808,石油加工,-8.88,66.09999999999998
46,000875.SZ,吉电股份,5,20150504,15.11,15.11,14.5,15.11,13.74,1.37,9.97,313775,473085.9853,火力发电,,
47,600744.SH,华银电力,4,20150505,9.97,9.97,9.1,9.97,9.06,0.91,10.04,1600297,1559208.914,火力发电,0.07,66.16999999999997
48,300276.SZ,三丰智能,3,20150506,27.09,27.09,24.92,27.09,24.63,2.46,9.99,136415,366037.4956,专用机械,-1.61,64.55999999999997
49,002326.SZ,永太科技,4,20150508,23.5,24.4,22.41,24.4,22.18,2.22,10.01,517746,1226226.27,化工原料,,
50,002625.SZ,光启技术,6,20150513,87.0,87.0,87.0,87.0,79.09,7.91,10.0,7228,62884.47,汽车配件,,
51,002427.SZ,ST尤夫,6,20150528,25.78,25.78,25.1,25.78,23.44,2.34,9.98,85550,219870.59399999998,化纤,4.85,69.40999999999997
52,002427.SZ,ST尤夫,7,20150529,26.78,28.36,23.2,28.36,25.78,2.58,10.01,309473,813153.9379,化纤,6.51,75.91999999999997
53,002427.SZ,ST尤夫,8,20150601,29.5,31.2,28.36,31.2,28.36,2.84,10.01,225598,683180.3017,化纤,-10.88,65.03999999999998
54,300040.SZ,九洲集团,3,20150608,13.53,13.53,13.53,13.53,12.3,1.23,10.0,702,950.2389999999999,电气设备,,
55,300040.SZ,九洲集团,4,20150609,14.88,14.88,14.88,14.88,13.53,1.35,9.98,285,424.3181,电气设备,,
56,300040.SZ,九洲集团,5,20150610,16.37,16.37,16.37,16.37,14.88,1.49,10.01,29241,47867.9263,电气设备,10.4,75.43999999999998
57,300040.SZ,九洲集团,6,20150611,17.2,18.01,17.03,18.01,16.37,1.64,10.02,87631,153104.9042,电气设备,,
58,300040.SZ,九洲集团,7,20150612,19.81,19.81,19.81,19.81,18.01,1.8,9.99,25948,51403.9191,电气设备,-16.83,58.609999999999985
59,300205.SZ,天喻信息,2,20150617,38.3,43.35,37.0,43.35,39.41,3.94,10.0,418736,1697334.0605,元器件,-17.32,41.289999999999985
60,600599.SH,*ST熊猫,3,20150618,40.29,40.29,40.29,40.29,36.63,3.66,9.99,1176,4741.206,多元金融,,
61,600599.SH,*ST熊猫,4,20150619,44.32,44.32,44.32,44.32,40.29,4.03,10.0,580,2573.3520000000003,多元金融,,
62,600599.SH,*ST熊猫,5,20150623,48.75,48.75,48.75,48.75,44.32,4.43,10.0,17594,85775.528,多元金融,,
63,600599.SH,*ST熊猫,6,20150624,53.63,53.63,53.63,53.63,48.75,4.88,10.01,17545,94095.28300000001,多元金融,,
64,000020.SZ,深华发A,4,20150629,27.95,29.55,25.25,29.55,26.86,2.69,10.01,222174,633972.6236,元器件,-13.12,28.169999999999987
65,002569.SZ,ST步森,3,20150702,21.0,24.72,20.22,24.72,22.47,2.25,10.01,140664,319174.2252,服饰,11.49,39.65999999999999
66,601599.SH,鹿港文化,5,20150723,18.39,18.39,17.5,18.39,16.72,1.67,9.99,288300,529180.863,影视音像,-4.9,34.75999999999999
67,601599.SH,鹿港文化,6,20150724,19.0,20.23,18.5,20.23,18.39,1.84,10.01,657886,1290144.237,影视音像,-17.6,17.15999999999999
68,300480.SZ,光力科技,5,20150727,48.0,53.0,46.0,53.0,48.18,4.82,10.0,95794,499367.6192,专用机械,28.14,45.29999999999999
69,300480.SZ,光力科技,6,20150728,47.8,58.3,47.8,58.3,53.0,5.3,10.0,96258,536880.4393,专用机械,,
70,300480.SZ,光力科技,7,20150729,64.13,64.13,61.66,64.13,58.3,5.83,10.0,39816,255067.6651,专用机械,,
71,300480.SZ,光力科技,8,20150730,70.54,70.54,70.0,70.54,64.13,6.41,10.0,23053,162607.7863,专用机械,17.83,63.12999999999999
72,300480.SZ,光力科技,9,20150731,76.0,77.59,74.8,77.59,70.54,7.05,9.99,19770,151277.5531,专用机械,,
73,300480.SZ,光力科技,10,20150803,85.35,85.35,85.35,85.35,77.59,7.76,10.0,3685,31457.3642,专用机械,,
74,300368.SZ,汇金股份,5,20150804,26.22,26.22,25.55,26.22,23.84,2.38,9.98,26153,68551.0348,IT设备,,
75,603616.SH,韩建河山,4,20150805,35.99,40.05,33.11,40.05,36.41,3.64,10.0,92672,345908.282,其他建材,,
76,603616.SH,韩建河山,5,20150806,44.06,44.06,37.65,44.06,40.05,4.01,10.01,281297,1204798.6940000001,其他建材,15.79,78.91999999999999
77,603616.SH,韩建河山,6,20150807,42.0,48.47,41.0,48.47,44.06,4.41,10.01,194914,879493.695,其他建材,-4.78,74.13999999999999
78,002188.SZ,ST巴士,5,20150810,29.49,30.45,28.8,30.45,27.68,2.77,10.01,58878,177431.6859,广告包装,-0.65,73.48999999999998
79,002188.SZ,ST巴士,6,20150811,33.02,33.5,32.61,33.5,30.45,3.05,10.02,109575,366109.7473,广告包装,-6.78,66.70999999999998
80,000558.SZ,莱茵体育,4,20150818,24.03,24.41,22.01,24.41,22.19,2.22,10.0,834714,2030708.3359,文教休闲,18.44,85.14999999999998
81,000558.SZ,莱茵体育,5,20150819,21.97,26.85,21.97,26.85,24.41,2.44,10.0,870738,2159522.0056,文教休闲,-17.55,67.59999999999998
82,000628.SZ,高新发展,4,20150828,13.86,13.86,13.86,13.86,12.6,1.26,10.0,17208,23851.3968,园区开发,-33.41,34.18999999999998
83,002027.SZ,分众传媒,3,20150907,16.56,16.56,16.56,16.56,15.05,1.51,10.03,9127,15114.577,影视音像,,
84,002027.SZ,分众传媒,4,20150908,18.22,18.22,18.22,18.22,16.56,1.66,10.02,8702,15855.2444,影视音像,,
85,002027.SZ,分众传媒,5,20150909,20.04,20.04,20.04,20.04,18.22,1.82,9.99,7032,14093.2903,影视音像,,
86,002027.SZ,分众传媒,6,20150910,22.04,22.04,22.04,22.04,20.04,2.0,9.98,19059,42007.7331,影视音像,,
87,002027.SZ,分众传媒,7,20150911,24.24,24.24,24.24,24.24,22.04,2.2,9.98,15713,38089.7906,影视音像,,
88,002027.SZ,分众传媒,8,20150914,26.66,26.66,25.32,26.66,24.24,2.42,9.98,890814,2358501.4508,影视音像,3.88,38.069999999999986
89,000025.SZ,特力A,2,20150915,23.5,25.8,23.0,25.8,23.45,2.35,10.02,174579,436844.3324,汽车服务,15.03,53.09999999999999
90,000025.SZ,特力A,3,20150916,28.18,28.38,27.65,28.38,25.8,2.58,10.0,43466,122670.8533,汽车服务,,
91,000025.SZ,特力A,4,20150917,31.22,31.22,31.22,31.22,28.38,2.84,10.01,48078,150101.6702,汽车服务,-3.57,49.52999999999999
92,000025.SZ,特力A,5,20150918,34.0,34.34,29.01,34.34,31.22,3.12,9.99,255874,833049.4734,汽车服务,20.3,69.82999999999998
93,000025.SZ,特力A,6,20150921,34.5,37.77,32.11,37.77,34.34,3.43,9.99,155224,559485.8312,汽车服务,4.39,74.21999999999998
94,000025.SZ,特力A,7,20150922,39.66,41.55,39.35,41.55,37.77,3.78,10.01,163860,672347.8156,汽车服务,3.65,77.86999999999999
95,000025.SZ,特力A,8,20150923,43.5,45.71,41.65,45.71,41.55,4.16,10.01,151175,679092.5527,汽车服务,7.69,85.55999999999999
96,601890.SH,亚星锚链,4,20150924,12.31,12.77,12.18,12.77,11.61,1.16,9.99,596852,757094.559,船舶,-11.06,74.49999999999999
97,000038.SZ,深大通,4,20151009,36.83,38.64,36.51,38.64,35.13,3.51,9.99,24062,91108.273,广告包装,-9.14,65.35999999999999
98,000038.SZ,深大通,5,20151012,42.2,42.5,39.8,42.5,38.64,3.86,9.99,142474,592585.6547,广告包装,-4.48,60.87999999999998
99,300153.SZ,科泰电源,5,20151013,13.7,13.86,13.43,13.86,12.6,1.26,10.0,220713,304506.8312,电气设备,,
100,300153.SZ,科泰电源,6,20151014,15.25,15.25,14.51,15.25,13.86,1.39,10.03,534084,807366.2327,电气设备,12.53,73.40999999999998
101,300191.SZ,潜能恒信,7,20151020,33.01,34.36,31.0,34.36,31.24,3.12,9.99,225126,734160.6698,石油开采,18.55,91.95999999999998
102,300191.SZ,潜能恒信,8,20151021,36.5,37.8,35.88,37.8,34.36,3.44,10.01,214730,803937.6386,石油开采,8.22,100.17999999999998
103,300191.SZ,潜能恒信,9,20151022,39.92,41.58,39.39,41.58,37.8,3.78,10.0,185173,757514.0885,石油开采,,
104,300191.SZ,潜能恒信,10,20151023,45.74,45.74,44.68,45.74,41.58,4.16,10.0,146157,668062.9647,石油开采,-1.08,99.09999999999998
105,000008.SZ,神州高铁,4,20151028,13.01,13.74,12.8,13.74,12.49,1.25,10.01,1116836,1496858.9089,运输设备,-8.86,90.23999999999998
106,300459.SZ,金科文化,4,20160112,24.76,24.76,24.76,24.76,22.51,2.25,10.0,4086,10118.174,互联网,-14.11,76.12999999999998
107,600610.SH,ST毅达,3,20160115,10.78,11.83,10.58,11.83,10.75,1.08,10.05,304324,350537.867,建筑工程,2.93,79.05999999999999
108,600610.SH,ST毅达,4,20160118,12.11,13.01,12.11,13.01,11.83,1.18,9.97,149905,190380.842,建筑工程,11.29,90.35
109,000576.SZ,甘化科工,4,20160119,18.48,20.06,18.0,20.06,18.24,1.82,9.98,208080,406860.7454,综合类,-15.38,74.97
110,600610.SH,ST毅达,5,20160121,13.1,14.31,12.62,14.31,13.01,1.3,9.99,637993,874571.2690000001,建筑工程,0.71,75.67999999999999
111,600610.SH,ST毅达,6,20160122,15.3,15.74,14.81,15.74,14.31,1.43,9.99,431724,668917.37,建筑工程,-7.99,67.69
112,603025.SH,大豪科技,3,20160125,37.3,39.05,36.88,39.05,35.5,3.55,10.0,59918,229290.34,IT设备,-17.85,49.839999999999996
113,600623.SH,华谊集团,3,20160128,18.32,18.32,18.32,18.32,16.65,1.67,10.03,28600,52395.75,汽车配件,,
114,600623.SH,华谊集团,4,20160129,20.15,20.15,20.15,20.15,18.32,1.83,9.99,36918,74390.556,汽车配件,1.98,51.81999999999999
115,000019.SZ,深粮控股,3,20160201,13.52,13.52,12.91,13.52,12.29,1.23,10.01,400837,537832.9111,其他商业,31.7,83.52
116,000019.SZ,深粮控股,4,20160202,13.19,14.87,12.91,14.87,13.52,1.35,9.99,372531,509289.5471,其他商业,17.15,100.66999999999999
117,000019.SZ,深粮控股,5,20160203,14.8,16.36,14.47,16.36,14.87,1.49,10.02,329575,520322.588,其他商业,-1.23,99.43999999999998
118,000019.SZ,深粮控股,6,20160204,17.5,18.0,17.08,18.0,16.36,1.64,10.02,246923,435746.166,其他商业,15.33,114.76999999999998
119,002423.SZ,中粮资本,4,20160217,14.54,14.54,14.54,14.54,13.22,1.32,9.98,32498,47252.5427,多元金融,-4.29,110.47999999999998
120,600288.SH,大恒科技,5,20160222,15.0,17.14,14.88,17.14,15.58,1.56,10.01,1011097,1588923.584,软件服务,-3.03,107.44999999999997
121,002226.SZ,江南化工,4,20160223,9.89,9.89,9.89,9.89,8.99,0.9,10.01,151167,149504.6674,化工原料,-1.13,106.31999999999998
122,000626.SZ,远大控股,4,20160224,65.99,72.03,65.0,72.03,65.48,6.55,10.0,161120,1114095.8057,商贸代理,-7.7,98.61999999999998
123,002741.SZ,光华科技,3,20160226,32.0,33.56,30.8,33.56,30.51,3.05,10.0,333852,1084895.8823,化工原料,-16.79,81.82999999999998
124,603099.SH,长白山,2,20160229,20.01,21.44,19.0,21.44,19.49,1.95,10.01,233776,488453.735,旅游景点,6.76,88.58999999999999
125,600533.SH,栖霞建设,2,20160301,5.85,6.12,5.78,6.12,5.56,0.56,10.07,461518,276193.109,区域地产,7.68,96.26999999999998
126,600533.SH,栖霞建设,3,20160302,6.5,6.73,6.34,6.73,6.12,0.61,9.97,1683125,1111632.386,区域地产,,
127,600533.SH,栖霞建设,4,20160303,7.4,7.4,7.22,7.4,6.73,0.67,9.96,1210710,895181.698,区域地产,-6.22,90.04999999999998
128,000029.SZ,深深房A,4,20160304,13.02,13.02,12.63,13.02,11.84,1.18,9.97,1138548,1475606.7709,区域地产,-4.1,85.94999999999999
129,300222.SZ,科大智能,4,20160321,26.06,26.08,25.52,26.08,23.71,2.37,10.0,132257,344528.1032,电气设备,0.93,86.88
130,000909.SZ,数源科技,4,20160322,19.02,19.02,19.02,19.02,17.29,1.73,10.01,33575,63859.9543,综合类,3.22,90.1
131,000909.SZ,数源科技,5,20160323,20.11,20.92,19.63,20.92,19.02,1.9,9.99,700989,1427066.4075,综合类,-3.21,86.89
132,300264.SZ,佳创视讯,5,20160324,27.53,27.53,27.53,27.53,25.03,2.5,9.99,18322,50440.7413,通信设备,,
133,002323.SZ,*ST雅博,2,20160325,35.43,35.43,35.43,35.43,32.21,3.22,10.0,2507,8883.0096,建筑工程,,
134,002323.SZ,*ST雅博,3,20160328,38.97,38.97,38.97,38.97,35.43,3.54,9.99,11076,43166.2117,建筑工程,7.73,94.62
135,601608.SH,中信重工,2,20160401,5.7,6.01,5.62,6.01,5.46,0.55,10.07,850292,500832.18200000003,专用机械,,
136,601608.SH,中信重工,3,20160405,6.61,6.61,6.51,6.61,6.01,0.6,9.98,620597,409913.93,专用机械,-1.54,93.08
137,601608.SH,中信重工,4,20160406,7.0,7.27,6.89,7.27,6.61,0.66,9.98,3166296,2258092.536,专用机械,-8.48,84.6
138,600671.SH,*ST目药,2,20160408,29.1,32.91,29.08,32.91,29.92,2.99,9.99,61798,195107.74800000002,中成药,-11.47,73.13
139,300506.SZ,名家汇,3,20160413,39.0,42.7,37.76,42.7,38.82,3.88,9.99,149178,601923.5908,建筑工程,8.38,81.50999999999999
140,300506.SZ,名家汇,4,20160414,45.3,46.97,44.0,46.97,42.7,4.27,10.0,66467,303986.2575,建筑工程,-9.18,72.32999999999998
141,600233.SH,圆通速递,2,20160415,40.4,40.46,39.6,40.46,36.78,3.68,10.01,196532,794625.2390000001,仓储物流,-9.79,62.539999999999985
142,000829.SZ,天音控股,3,20160419,14.78,14.78,14.78,14.78,13.44,1.34,9.97,15307,22623.9529,其他商业,,
143,000829.SZ,天音控股,4,20160420,16.26,16.26,16.26,16.26,14.78,1.48,10.01,318385,517694.888,其他商业,-19.26,43.27999999999999
144,002610.SZ,爱康科技,2,20160425,13.35,13.35,13.35,13.35,12.14,1.21,9.97,89445,119409.2886,电气设备,,
145,002610.SZ,爱康科技,3,20160426,14.69,14.69,14.69,14.69,13.35,1.34,10.04,89830,131960.7107,电气设备,,
146,002610.SZ,爱康科技,4,20160427,16.16,16.16,16.16,16.16,14.69,1.47,10.01,128673,207935.6003,电气设备,-2.3,40.97999999999999
147,603399.SH,吉翔股份,2,20160503,9.9,11.18,9.8,11.18,10.16,1.02,10.04,191202,201303.776,小金属,2.0,42.97999999999999
148,300476.SZ,胜宏科技,3,20160506,27.99,28.35,27.2,28.35,25.77,2.58,10.01,547744,1535981.9067,元器件,-15.82,27.15999999999999
149,600429.SH,三元股份,2,20160511,8.2,8.71,7.96,8.71,7.92,0.79,9.97,379502,314653.576,乳制品,-2.0,25.15999999999999
150,300340.SZ,科恒股份,2,20160512,31.55,34.73,30.0,34.73,31.57,3.16,10.01,183717,598385.752,元器件,5.66,30.81999999999999
151,300340.SZ,科恒股份,3,20160513,36.49,38.2,36.01,38.2,34.73,3.47,9.99,123638,464859.906,元器件,-3.8,27.01999999999999
152,300340.SZ,科恒股份,4,20160516,40.5,42.02,37.2,42.02,38.2,3.82,10.0,349618,1396242.0823,元器件,-2.8,24.219999999999988
153,600367.SH,红星发展,3,20160517,12.33,12.33,11.81,12.33,11.21,1.12,9.99,528397,644945.381,化工原料,-10.58,13.639999999999988
154,600232.SH,金鹰股份,4,20160519,12.0,13.11,11.92,13.11,11.92,1.19,9.98,475427,613111.9839999999,纺织,-3.43,10.209999999999988
155,600980.SH,北矿科技,2,20160527,26.8,28.09,26.68,28.09,25.54,2.55,9.98,153479,421028.56799999997,元器件,8.21,18.419999999999987
156,300503.SZ,昊志机电,2,20160530,48.3,51.3,48.3,51.3,46.64,4.66,9.99,90820,451251.7766,机械基件,10.43,28.849999999999987
157,300503.SZ,昊志机电,3,20160531,53.0,56.43,50.57,56.43,51.3,5.13,10.0,69787,369095.143,机械基件,0.25,29.099999999999987
158,002533.SZ,金杯电工,3,20160608,13.89,13.89,12.82,13.89,12.63,1.26,9.98,1391821,1881109.645,电气设备,-10.03,19.069999999999986
159,600571.SH,信雅达,2,20160614,50.85,50.85,49.8,50.85,46.23,4.62,9.99,136940,695675.7459999999,软件服务,-2.96,16.109999999999985
160,002112.SZ,三变科技,4,20160617,25.44,25.44,25.44,25.44,23.13,2.31,9.99,23643,60149.2421,电气设备,-6.64,9.469999999999985
161,002352.SZ,顺丰控股,2,20160621,38.0,43.29,37.78,43.29,39.35,3.94,10.01,420131,1735463.1347,仓储物流,-8.74,0.7299999999999844
162,002703.SZ,浙江世宝,3,20160623,31.0,31.1,29.29,31.1,28.27,2.83,10.01,337522,1031639.9498,汽车配件,2.71,3.4399999999999844
163,000025.SZ,特力A,3,20160627,64.2,67.2,63.5,67.2,61.09,6.11,10.0,152734,1010821.9852,汽车服务,-2.11,1.3299999999999845
164,000025.SZ,特力A,4,20160628,73.0,73.92,71.24,73.92,67.2,6.72,10.0,96836,710608.1614,汽车服务,-2.88,-1.5500000000000154
165,300019.SZ,硅宝科技,3,20160629,17.2,17.2,16.9,17.2,15.64,1.56,9.97,81498,140102.6397,化工原料,-3.97,-5.520000000000016
166,000603.SZ,盛达资源,3,20160705,23.88,24.33,23.11,24.33,22.12,2.21,9.99,615071,1464988.0228,铅锌,0.94,-4.580000000000016
167,002766.SZ,ST索菱,4,20160707,41.0,42.24,40.2,42.24,38.4,3.84,10.0,342440,1436167.6438,汽车配件,-7.54,-12.120000000000015
168,000519.SZ,中兵红箭,2,20160711,15.11,16.08,15.0,16.08,14.62,1.46,9.99,609529,954681.7053,矿物制品,-3.48,-15.600000000000016
169,002314.SZ,南山控股,2,20160719,7.51,7.51,7.51,7.51,6.83,0.68,9.96,13770,10341.3977,区域地产,,
170,002314.SZ,南山控股,3,20160720,8.26,8.26,8.26,8.26,7.51,0.75,9.99,2133,1762.1058,区域地产,-10.28,-25.880000000000017
171,002248.SZ,华东数控,2,20160721,13.12,14.47,12.89,14.47,13.15,1.32,10.04,595416,813518.0121,机床制造,-5.47,-31.350000000000016
172,000813.SZ,德展健康,2,20160726,13.99,15.02,13.81,15.02,13.65,1.37,10.04,104676,152463.4205,化学制药,-8.01,-39.360000000000014
173,600097.SH,开创国际,2,20160728,19.38,19.92,18.69,19.92,18.11,1.81,9.99,424230,823761.882,渔业,-6.81,-46.170000000000016
174,600919.SH,江苏银行,4,20160804,10.92,10.92,10.92,10.92,9.93,0.99,9.97,54760,59798.706,银行,,
175,600919.SH,江苏银行,5,20160805,12.01,12.01,11.2,12.01,10.92,1.09,9.98,5469613,6432869.097999999,银行,1.31,-44.860000000000014
176,000918.SZ,嘉凯城,3,20160808,8.92,9.7,8.83,9.7,8.82,0.88,9.98,1515067,1442632.1739,全国地产,-4.07,-48.930000000000014
177,000638.SZ,万方发展,3,20160817,23.56,24.64,22.5,24.64,22.4,2.24,10.0,621201,1481362.9096,软件服务,-8.95,-57.88000000000001
178,000019.SZ,深粮控股,3,20160818,17.27,18.87,17.11,18.87,17.15,1.72,10.03,884742,1589644.3741,其他商业,-14.27,-72.15
179,002611.SZ,东方精工,4,20160822,14.42,14.42,14.42,14.42,13.11,1.31,9.99,7803,11252.0846,轻工机械,,
180,002611.SZ,东方精工,5,20160823,15.8,15.86,14.42,15.86,14.42,1.44,9.99,640567,976034.0834,轻工机械,-5.76,-77.91000000000001
181,603778.SH,乾景园林,2,20160824,28.31,30.6,28.09,30.6,27.82,2.78,9.99,220932,664449.94,建筑工程,-4.44,-82.35000000000001
182,600353.SH,旭光电子,3,20160826,12.55,14.01,12.23,14.01,12.74,1.27,9.97,636623,842083.194,元器件,-8.66,-91.01
183,002319.SZ,*ST乐通,2,20160902,19.01,19.01,19.01,19.01,17.28,1.73,10.01,5644,10729.7383,染料涂料,,
184,002319.SZ,*ST乐通,3,20160905,20.91,20.91,20.91,20.91,19.01,1.9,9.99,6532,13660.1475,染料涂料,-5.44,-96.45
185,000935.SZ,四川双马,3,20160912,16.7,18.11,16.58,18.11,16.46,1.65,10.02,211663,372501.6202,水泥,,
186,000935.SZ,四川双马,4,20160913,19.89,19.92,19.89,19.92,18.11,1.81,9.99,68010,135348.4664,水泥,,
187,000678.SZ,襄阳轴承,2,20160914,10.2,10.2,10.2,10.2,9.27,0.93,10.03,72830,74287.0998,机械基件,0.65,-95.8
188,002755.SZ,奥赛康,2,20160921,59.38,65.16,56.0,65.16,59.24,5.92,9.99,87988,546354.828,化学制药,-0.72,-96.52
189,000935.SZ,四川双马,5,20160922,21.91,21.91,21.05,21.91,19.92,1.99,9.99,91080,198593.5182,水泥,,
190,002614.SZ,奥佳华,2,20160927,15.48,16.8,14.9,16.8,15.27,1.53,10.02,664437,1044344.6247,医疗保健,-6.38,-102.89999999999999
191,000912.SZ,泸天化,2,20160929,8.65,9.21,8.6,9.21,8.37,0.84,10.04,213009,189950.3191,农药化肥,,
192,000912.SZ,泸天化,3,20160930,10.13,10.13,10.13,10.13,9.21,0.92,9.99,165515,167667.1509,农药化肥,24.95,-77.94999999999999
193,000757.SZ,浩物股份,2,20161010,10.09,10.59,9.83,10.59,9.63,0.96,9.97,761977,773588.0607,汽车配件,8.63,-69.32
194,000757.SZ,浩物股份,3,20161011,11.19,11.65,11.18,11.65,10.59,1.06,10.01,287679,327088.6513,汽车配件,2.66,-66.66
195,603999.SH,读者传媒,3,20161012,39.46,43.76,38.91,43.76,39.78,3.98,10.01,229790,967684.31,出版业,0.66,-66.0
196,600657.SH,信达地产,2,20161014,6.43,6.84,6.4,6.84,6.22,0.62,9.97,1399078,940909.0179999999,全国地产,1.63,-64.37
197,600657.SH,信达地产,3,20161017,7.16,7.52,7.16,7.52,6.84,0.68,9.94,1528487,1142153.887,全国地产,0.56,-63.81
198,603918.SH,金桥信息,3,20161020,33.2,36.43,32.84,36.43,33.12,3.31,9.99,192309,672929.922,软件服务,4.96,-58.85
199,000912.SZ,泸天化,4,20161024,10.3,11.14,10.23,11.14,10.13,1.01,9.97,442289,482224.3661,农药化肥,9.19,-49.660000000000004
200,000912.SZ,泸天化,5,20161025,11.76,12.25,11.55,12.25,11.14,1.11,9.96,310123,372963.23,农药化肥,,
201,603777.SH,来伊份,5,20161028,52.75,52.75,51.88,52.75,47.95,4.8,10.01,68159,358756.49600000004,食品,12.79,-36.870000000000005
202,603777.SH,来伊份,6,20161031,53.0,58.03,50.03,58.03,52.75,5.28,10.01,312771,1687435.174,食品,19.35,-17.520000000000003
203,000935.SZ,四川双马,4,20161101,34.33,35.24,33.0,35.24,32.04,3.2,9.99,220065,765025.8570000001,水泥,-0.7,-18.220000000000002
204,000935.SZ,四川双马,5,20161102,37.0,38.76,36.2,38.75,35.24,3.51,9.96,685192,2609195.305,水泥,-13.64,-31.860000000000003
205,000912.SZ,泸天化,3,20161104,15.5,16.35,14.11,16.35,14.86,1.49,10.03,1545681,2387793.8219999997,农药化肥,-5.12,-36.980000000000004
206,000923.SZ,河钢资源,3,20161107,25.61,27.38,25.0,27.38,24.89,2.49,10.0,330736,886190.354,普钢,,
207,002732.SZ,燕塘乳业,5,20161108,46.0,48.63,46.0,48.63,44.21,4.42,10.0,279062,1321309.202,乳制品,7.5,-29.480000000000004
208,000510.SZ,新金路,3,20161110,14.38,14.38,14.38,14.38,13.07,1.31,10.02,35288,50744.273,化工原料,,
209,000595.SZ,*ST宝实,4,20161115,16.95,18.92,16.66,18.92,17.2,1.72,10.0,463482,848016.0090000001,机械基件,-8.3,-37.78
210,300103.SZ,达刚控股,4,20161116,28.64,28.64,28.64,28.64,26.04,2.6,9.98,23681,67823.357,工程机械,-1.62,-39.4
211,600679.SH,上海凤凰,3,20161122,30.03,31.32,29.56,31.32,28.47,2.85,10.01,156807,479852.774,文教休闲,-12.51,-51.91
212,600608.SH,ST沪科,2,20161128,16.6,16.95,16.22,16.95,15.41,1.54,9.99,536764,902565.661,钢加工,1.87,-50.04
213,002512.SZ,达华智能,2,20161129,22.94,22.94,21.01,22.94,20.85,2.09,10.02,884373,2002322.149,元器件,-19.63,-69.67
214,000672.SZ,上峰水泥,3,20161205,9.28,9.87,9.28,9.87,8.97,0.9,10.03,939115,907904.293,水泥,23.29,-46.38
215,601116.SH,三江购物,2,20161206,27.0,30.57,26.47,30.57,27.79,2.78,10.0,458077,1342173.273,超市连锁,15.37,-31.010000000000005
216,601116.SH,三江购物,3,20161207,30.57,33.63,30.05,33.63,30.57,3.06,10.01,205952,660997.389,超市连锁,,
217,601116.SH,三江购物,4,20161208,36.99,36.99,35.65,36.99,33.63,3.36,9.99,343021,1263091.459,超市连锁,13.98,-17.030000000000005
218,601116.SH,三江购物,5,20161209,36.8,40.69,36.26,40.69,36.99,3.7,10.0,326905,1289899.259,超市连锁,-9.19,-26.220000000000006
219,600679.SH,上海凤凰,3,20161212,32.0,33.8,31.5,33.8,30.73,3.07,9.99,216577,722725.98,文教休闲,26.96,0.7399999999999949
220,600722.SH,金牛化工,3,20161214,12.08,12.08,11.8,12.08,10.98,1.1,10.02,311382,375702.28,化工原料,-18.33,-17.590000000000003
221,600722.SH,金牛化工,4,20161215,13.1,13.29,12.56,13.29,12.08,1.21,10.02,1167686,1529712.7030000002,化工原料,-10.35,-27.940000000000005
222,002561.SZ,徐家汇,4,20161219,20.0,20.66,19.8,20.66,18.78,1.88,10.01,853878,1736027.604,百货,-11.7,-39.64
223,002040.SZ,南京港,4,20161221,20.31,21.95,19.49,21.95,19.95,2.0,10.03,348869,728816.59,港口,-8.97,-48.61
224,600818.SH,中路股份,2,20161222,34.0,36.04,33.9,36.04,32.76,3.28,10.01,157224,557673.088,文教休闲,,
225,600099.SH,林海股份,2,20161226,16.0,17.83,15.84,17.83,16.21,1.62,9.99,347644,592677.865,摩托车,9.19,-39.42
226,600099.SH,林海股份,3,20161227,18.32,19.61,17.6,19.61,17.83,1.78,9.98,294126,553196.029,摩托车,-6.1,-45.52
227,002300.SZ,太阳电缆,3,20170106,12.9,13.65,12.52,13.65,12.41,1.24,9.99,555294,739527.536,电气设备,-2.24,-47.760000000000005
228,002388.SZ,新亚制程,2,20170113,11.98,12.8,11.8,12.8,11.64,1.16,9.97,616756,774477.974,元器件,-7.83,-55.59
229,603689.SH,皖天然气,3,20170118,19.41,20.08,18.58,20.08,18.25,1.83,10.03,392890,767174.559,供气供热,-3.51,-59.1
230,300311.SZ,任子行,3,20170119,15.58,17.44,15.4,17.44,15.85,1.59,10.03,394872,646244.083,软件服务,8.15,-50.95
231,300311.SZ,任子行,4,20170120,18.15,19.18,17.67,19.18,17.44,1.74,9.98,288511,534926.466,软件服务,-5.71,-56.660000000000004
232,000885.SZ,城发环境,5,20170124,25.49,28.93,25.36,28.93,26.3,2.63,10.0,466076,1311975.272,公路,14.95,-41.71000000000001
233,002725.SZ,跃岭股份,3,20170126,25.6,28.24,24.01,28.24,25.67,2.57,10.01,263482,707389.317,汽车配件,-6.11,-47.82000000000001
234,000885.SZ,城发环境,6,20170206,27.2,31.82,26.04,31.82,28.93,2.89,9.99,475640,1294182.044,公路,2.67,-45.150000000000006
235,603663.SH,三祥新材,3,20170208,36.5,38.82,35.53,38.82,35.29,3.53,10.0,101419,382219.224,矿物制品,-6.7,-51.85000000000001
236,002824.SZ,和胜股份,5,20170213,52.35,52.35,46.1,52.35,47.59,4.76,10.0,226070,1178043.252,铝,3.4,-48.45000000000001
237,002824.SZ,和胜股份,6,20170214,53.0,57.59,52.5,57.58,52.35,5.23,9.99,133897,765718.932,铝,-7.68,-56.13000000000001
238,002839.SZ,张家港行,6,20170217,17.82,17.82,17.82,17.82,16.2,1.62,10.0,91917,163797.163,银行,1.82,-54.31000000000001
239,002323.SZ,*ST雅博,2,20170220,19.79,19.79,18.3,19.79,17.99,1.8,10.01,654290,1263030.38,建筑工程,-5.15,-59.46000000000001
240,603839.SH,安正时尚,4,20170223,44.95,47.09,43.81,47.09,42.81,4.28,10.0,237784,1094626.0520000001,服饰,-20.8,-80.26
241,002352.SZ,顺丰控股,3,20170227,60.43,60.73,57.69,60.73,55.21,5.52,10.0,212613,1273546.095,仓储物流,5.99,-74.27000000000001
242,002352.SZ,顺丰控股,4,20170228,66.0,66.8,64.55,66.8,60.73,6.07,10.0,126314,836354.228,仓储物流,,
243,600319.SH,ST亚星,3,20170301,13.3,13.81,12.88,13.81,12.55,1.26,10.04,345527,463528.289,化工原料,-8.8,-83.07000000000001
244,300374.SZ,中铁装配,2,20170309,22.08,23.8,22.0,23.8,21.64,2.16,9.98,119114,272217.925,其他建材,-5.93,-89.0
245,603881.SH,数据港,2,20170310,58.27,58.27,58.27,58.27,52.97,5.3,10.01,17394,101356.295,电信运营,16.91,-72.09
246,603881.SH,数据港,3,20170313,61.18,64.1,60.47,64.1,58.27,5.83,10.01,99366,622914.407,电信运营,,
247,603881.SH,数据港,4,20170314,70.49,70.51,68.61,70.51,64.1,6.41,10.0,43048,302927.37100000004,电信运营,-0.11,-72.2
248,601212.SH,白银有色,3,20170315,12.37,12.93,12.15,12.93,11.75,1.18,10.04,2254727,2839179.2260000003,铜,8.98,-63.22
249,601212.SH,白银有色,4,20170316,13.67,14.22,13.53,14.22,12.93,1.29,9.98,1240229,1738548.419,铜,,
250,002823.SZ,凯中精密,3,20170322,57.0,62.54,56.51,62.54,56.85,5.69,10.01,183221,1109152.886,机械基件,-7.02,-70.24
251,002302.SZ,西部建设,3,20170324,15.68,16.42,15.4,16.42,14.93,1.49,9.98,690406,1112233.425,水泥,4.78,-65.46
252,002302.SZ,西部建设,4,20170327,17.1,18.06,16.96,18.05,16.42,1.63,9.93,1302991,2289718.861,水泥,18.24,-47.22
253,603227.SH,雪峰科技,2,20170329,10.98,10.98,10.98,10.98,9.98,1.0,10.02,141016,154836.501,化工原料,-10.39,-57.61
254,601200.SH,上海环境,3,20170405,29.29,32.22,26.66,32.22,29.29,2.93,10.0,394627,1239233.061,环境保护,17.13,-40.480000000000004
255,601200.SH,上海环境,4,20170406,34.5,35.44,33.01,35.44,32.22,3.22,9.99,180275,626577.879,环境保护,,
256,601200.SH,上海环境,5,20170407,38.98,38.98,38.98,38.98,35.44,3.54,9.99,26428,103017.241,环境保护,-24.23,-64.71000000000001
257,000605.SZ,渤海股份,6,20170412,36.1,36.1,34.72,36.1,32.82,3.28,9.99,231996,837046.338,水务,-12.1,-76.81
258,600008.SH,首创股份,6,20170413,7.6,8.33,7.58,8.33,7.57,0.76,10.04,9810780,7836580.835,环境保护,-10.55,-87.36
259,600533.SH,栖霞建设,2,20170414,6.56,6.56,6.56,6.56,5.96,0.6,10.07,182921,119996.30699999999,区域地产,9.85,-77.51
260,300629.SZ,新劲刚,3,20170419,54.78,54.78,54.78,54.78,49.8,4.98,10.0,4825,26434.197999999997,元器件,-9.45,-86.96000000000001
261,000856.SZ,冀东装备,3,20170426,29.57,31.14,29.57,31.14,28.31,2.83,10.0,759762,2324497.501,机械基件,19.69,-67.27000000000001
262,002836.SZ,新宏泽,3,20170428,31.69,33.56,30.55,33.56,30.51,3.05,10.0,166489,541654.02,广告包装,10.17,-57.10000000000001
263,002158.SZ,汉钟精机,3,20170502,17.22,17.7,17.22,17.7,16.09,1.61,10.01,497146,877232.166,工程机械,-3.04,-60.14000000000001
264,002158.SZ,汉钟精机,4,20170503,19.27,19.47,18.66,19.46,17.7,1.76,9.94,948399,1828371.0990000002,工程机械,-5.49,-65.63000000000001
265,300419.SZ,浩丰科技,3,20170504,14.78,15.64,14.11,15.64,14.22,1.42,9.99,571243,848863.411,软件服务,-7.91,-73.54
266,600908.SH,无锡银行,3,20170505,19.9,21.68,18.62,21.67,19.71,1.96,9.94,452442,954242.554,银行,-8.17,-81.71000000000001
267,601003.SH,柳钢股份,2,20170508,5.22,5.52,5.07,5.52,5.02,0.5,9.96,1870703,1016330.6390000001,普钢,-8.23,-89.94000000000001
268,002865.SZ,钧达股份,2,20170509,27.5,30.72,26.95,30.72,27.93,2.79,9.99,127913,380521.21200000006,汽车配件,16.04,-73.9
269,002865.SZ,钧达股份,3,20170510,32.0,33.79,32.0,33.79,30.72,3.07,9.99,133295,444013.05799999996,汽车配件,16.04,-57.86000000000001
270,002865.SZ,钧达股份,4,20170511,32.0,37.17,31.5,37.17,33.79,3.38,10.0,187436,642001.343,汽车配件,-7.34,-65.2
271,002350.SZ,北京科锐,4,20170519,27.23,27.23,27.23,27.23,24.75,2.48,10.02,55156,150190.93099999998,电气设备,-5.16,-70.36
272,603896.SH,寿仙谷,3,20170525,37.0,38.79,35.95,38.79,35.26,3.53,10.01,188177,708442.348,中成药,5.69,-64.67
273,603896.SH,寿仙谷,4,20170526,42.28,42.67,41.58,42.67,38.79,3.88,10.0,73826,313592.11699999997,中成药,,
274,002809.SZ,红墙股份,3,20170605,41.1,41.11,39.24,41.11,37.37,3.74,10.01,72492,295534.332,化工原料,19.85,-44.82
275,000638.SZ,万方发展,3,20170606,13.55,14.14,12.95,14.14,12.85,1.29,10.04,540812,744506.9920000001,软件服务,8.44,-36.38
276,000638.SZ,万方发展,4,20170607,14.58,15.55,14.14,15.55,14.14,1.41,9.97,458638,681204.483,软件服务,-5.73,-42.11
277,002837.SZ,英维克,4,20170608,32.79,32.79,32.4,32.79,29.81,2.98,10.0,171612,562688.439,专用机械,-11.32,-53.43
278,000025.SZ,特力A,3,20170612,42.5,45.33,42.2,45.33,41.21,4.12,10.0,132271,590335.572,汽车服务,-5.17,-58.6
279,002695.SZ,煌上煌,2,20170613,19.48,20.66,18.7,20.66,18.78,1.88,10.01,335309,664562.5210000001,食品,5.19,-53.410000000000004
280,002695.SZ,煌上煌,3,20170614,21.69,22.73,21.15,22.73,20.66,2.07,10.02,315118,697751.109,食品,-5.69,-59.1
281,300153.SZ,科泰电源,3,20170615,14.48,15.07,14.37,15.07,13.7,1.37,10.0,307662,452674.62100000004,电气设备,-2.13,-61.230000000000004
282,002822.SZ,中装建设,2,20170616,15.07,15.21,14.77,15.21,13.83,1.38,9.98,309463,468464.396,装修装饰,0.78,-60.45
283,002591.SZ,恒大高新,2,20170619,16.3,17.02,16.21,17.02,15.47,1.55,10.02,216052,357962.99700000003,化工原料,-5.87,-66.32000000000001
284,603197.SH,保隆科技,2,20170621,48.5,51.52,48.16,51.52,46.84,4.68,9.99,108254,539438.955,汽车配件,-0.34,-66.66000000000001
285,603326.SH,我乐家居,2,20170630,25.0,27.97,25.0,27.97,25.43,2.54,9.99,200694,549356.935,家居用品,-3.37,-70.03000000000002
286,300633.SZ,开立医疗,2,20170704,21.78,22.53,21.5,22.53,20.48,2.05,10.01,184183,406694.348,医疗保健,21.3,-48.73000000000002
287,300633.SZ,开立医疗,3,20170705,22.5,24.78,22.44,24.78,22.53,2.25,9.99,140194,329535.69,医疗保健,4.82,-43.91000000000002
288,300633.SZ,开立医疗,4,20170706,25.97,27.26,25.39,27.26,24.78,2.48,10.01,170090,447229.703,医疗保健,-5.64,-49.55000000000002
289,300224.SZ,正海磁材,2,20170710,11.75,12.27,11.72,12.27,11.15,1.12,10.04,509107,616282.659,元器件,-10.34,-59.890000000000015
290,002802.SZ,洪汇新材,3,20170718,38.2,41.79,37.99,41.79,37.99,3.8,10.0,95640,382478.89,化工原料,-3.51,-63.40000000000001
291,002225.SZ,濮耐股份,2,20170724,6.49,6.49,6.4,6.49,5.9,0.59,10.0,344769,223709.915,其他建材,-3.24,-66.64000000000001
292,603305.SH,旭升股份,2,20170725,45.98,46.23,44.36,46.23,42.03,4.2,9.99,196658,895843.6440000001,汽车配件,-6.76,-73.40000000000002
293,600712.SH,南宁百货,2,20170726,7.92,8.64,7.69,8.64,7.85,0.79,10.06,212488,177777.693,百货,-2.6,-76.00000000000001
294,002457.SZ,青龙管业,3,20170803,14.64,15.65,14.53,15.65,14.23,1.42,9.98,853700,1306799.925,塑料,-5.09,-81.09000000000002
295,600569.SH,安阳钢铁,2,20170804,3.95,4.02,3.88,4.02,3.65,0.37,10.14,1088421,435818.54,普钢,,
296,600569.SH,安阳钢铁,3,20170807,4.42,4.42,4.15,4.42,4.02,0.4,9.95,3366628,1467788.076,普钢,-8.43,-89.52000000000001
297,300500.SZ,启迪设计,2,20170808,34.08,34.08,32.95,34.07,30.98,3.09,9.97,103395,349509.904,建筑工程,-8.33,-97.85000000000001
298,300377.SZ,赢时胜,2,20170809,14.1,15.69,14.02,15.68,14.26,1.42,9.96,1122204,1658234.263,软件服务,-3.35,-101.2
299,002580.SZ,圣阳股份,2,20170810,8.67,8.95,8.57,8.95,8.14,0.81,9.95,802472,706579.905,电气设备,3.36,-97.84
300,002743.SZ,富煌钢构,2,20170811,13.0,13.63,13.0,13.63,12.39,1.24,10.01,278285,374842.833,钢加工,5.88,-91.96000000000001
301,002743.SZ,富煌钢构,3,20170814,14.6,14.99,14.41,14.99,13.63,1.36,9.98,338678,502250.32899999997,钢加工,-0.58,-92.54
302,300678.SZ,中科信息,3,20170816,33.03,36.33,32.16,36.33,33.03,3.3,9.99,117547,402720.042,软件服务,16.91,-75.63000000000001
303,300678.SZ,中科信息,4,20170817,36.33,39.96,36.0,39.96,36.33,3.63,9.99,69581,264768.917,软件服务,63.85,-11.780000000000008
304,600876.SH,洛阳玻璃,3,20170821,24.22,24.22,23.91,24.22,22.02,2.2,9.99,77090,186664.90300000002,玻璃,-4.88,-16.660000000000007
305,603602.SH,纵横通信,3,20170822,46.87,46.87,46.87,46.87,42.61,4.26,10.0,3884,18204.495,通信设备,44.65,27.98999999999999
306,603602.SH,纵横通信,4,20170823,49.6,51.56,48.12,51.56,46.87,4.69,10.01,86257,430819.79,通信设备,,
307,603602.SH,纵横通信,5,20170824,56.72,56.72,56.0,56.72,51.56,5.16,10.01,60509,342869.609,通信设备,,
308,603602.SH,纵横通信,6,20170825,62.39,62.39,62.39,62.39,56.72,5.67,10.0,6623,41326.949,通信设备,,
309,603602.SH,纵横通信,7,20170828,68.63,68.63,68.63,68.63,62.39,6.24,10.0,918,6300.234,通信设备,-15.97,12.01999999999999
310,603042.SH,华脉科技,3,20170829,33.7,33.72,32.24,33.72,30.65,3.07,10.02,222478,742978.1340000001,通信设备,7.94,19.95999999999999
311,603042.SH,华脉科技,4,20170830,33.0,37.09,32.8,37.09,33.72,3.37,9.99,240167,859021.9959999999,通信设备,-2.09,17.86999999999999
312,300618.SZ,寒锐钴业,4,20170831,142.0,153.44,140.5,153.44,139.49,13.95,10.0,50206,738326.5759999999,小金属,10.54,28.40999999999999
313,300678.SZ,中科信息,5,20170901,69.58,69.58,69.58,69.58,63.25,6.33,10.01,6425,44709.394,软件服务,21.27,49.67999999999999
314,300672.SZ,国科微,3,20170907,48.13,48.13,48.13,48.13,43.75,4.38,10.01,8679,41774.096,半导体,-2.2,47.47999999999999
315,300692.SZ,中环环保,2,20170912,56.5,58.08,55.0,58.08,52.8,5.28,10.0,114306,656591.504,环境保护,9.66,57.139999999999986
316,000935.SZ,四川双马,2,20170913,26.9,27.91,26.63,27.91,25.37,2.54,10.01,137480,377844.275,水泥,,
317,002109.SZ,兴化股份,2,20170914,9.53,9.64,9.39,9.64,8.76,0.88,10.05,479307,459883.222,化工原料,1.49,58.62999999999999
318,000736.SZ,中交地产,2,20170915,15.89,16.97,15.8,16.97,15.43,1.54,9.98,107859,179293.178,全国地产,-6.87,51.75999999999999
319,600251.SH,冠农股份,2,20170918,10.4,10.4,10.05,10.4,9.45,0.95,10.05,961577,997320.3940000001,农业综合,5.61,57.36999999999999
320,603527.SH,众源新材,3,20170920,43.5,45.06,42.8,45.06,40.96,4.1,10.01,106515,472647.48299999995,铜,,
321,603559.SH,中通国脉,3,20170921,28.0,28.86,26.8,28.86,26.24,2.62,9.98,195829,544776.591,通信设备,18.6,75.97
322,603559.SH,中通国脉,4,20170922,28.15,31.75,28.01,31.75,28.86,2.89,10.01,157406,472790.43299999996,通信设备,-1.41,74.56
323,603559.SH,中通国脉,5,20170925,33.75,34.93,32.93,34.93,31.75,3.18,10.02,184833,636258.412,通信设备,4.2,78.76
324,300581.SZ,晨曦航空,2,20170926,44.0,48.42,43.34,48.42,44.02,4.4,10.0,92488,425513.408,航空,-8.38,70.38000000000001
325,300585.SZ,奥联电子,3,20171010,23.2,24.3,22.83,24.3,22.09,2.21,10.0,84598,199439.775,汽车配件,3.01,73.39000000000001
326,300585.SZ,奥联电子,4,20171011,25.68,26.73,24.72,26.73,24.3,2.43,10.0,255824,662102.4739999999,汽车配件,0.92,74.31000000000002
327,300585.SZ,奥联电子,5,20171012,26.2,29.4,26.19,29.4,26.73,2.67,9.99,236713,663093.936,汽车配件,-4.65,69.66000000000001
328,603813.SH,原尚股份,4,20171013,51.0,55.58,49.0,55.58,50.53,5.05,9.99,145834,771106.531,仓储物流,-6.68,62.98000000000001
329,002264.SZ,新华都,4,20171016,15.0,15.81,14.81,15.81,14.37,1.44,10.02,448876,699895.3709999999,超市连锁,-1.37,61.610000000000014
330,300701.SZ,森霸传感,2,20171017,54.9,59.65,54.54,59.65,54.23,5.42,9.99,82857,474628.44,元器件,-18.82,42.79000000000001
331,300277.SZ,海联讯,3,20171019,12.89,13.17,12.77,13.17,11.97,1.2,10.03,259867,340888.595,软件服务,15.92,58.710000000000015
332,603648.SH,畅联股份,3,20171023,30.45,30.45,30.45,30.45,27.68,2.77,10.01,9445,28762.826,仓储物流,,
333,002401.SZ,中远海科,3,20171024,16.73,17.01,16.54,17.01,15.46,1.55,10.03,452949,767602.9190000001,软件服务,-5.4,53.31000000000002
334,603896.SH,寿仙谷,2,20171025,54.68,59.05,53.77,59.05,53.68,5.37,10.0,80809,461479.211,中成药,-8.62,44.69000000000002
335,002846.SZ,英联股份,2,20171026,36.88,39.77,36.35,39.77,36.15,3.62,10.01,150157,574053.805,广告包装,-9.92,34.77000000000002
336,300665.SZ,飞鹿股份,2,20171027,40.1,42.11,40.1,42.1,38.28,3.82,9.98,146779,609813.873,染料涂料,-8.42,26.350000000000016
337,603829.SH,洛凯股份,2,20171031,23.5,27.03,23.06,27.03,24.57,2.46,10.01,133684,342354.485,电气设备,-14.03,12.320000000000016
338,600517.SH,国网英大,2,20171102,7.39,8.0,7.21,8.0,7.27,0.73,10.04,777092,584352.3620000001,电气设备,-1.18,11.140000000000017
339,300706.SZ,阿石创,3,20171107,100.3,105.0,98.7,105.0,95.45,9.55,10.01,99954,1029495.182,元器件,5.07,16.210000000000015
340,603938.SH,三孚股份,2,20171109,34.5,38.68,34.18,38.68,35.16,3.52,10.01,158162,572851.433,化工原料,-3.75,12.460000000000015
341,603937.SH,丽岛新材,2,20171114,27.61,29.6,27.55,29.6,26.91,2.69,10.0,325761,944701.579,铝,16.55,29.010000000000016
342,603937.SH,丽岛新材,3,20171115,27.01,32.56,27.0,32.56,29.6,2.96,10.0,316236,933990.6529999999,铝,-14.43,14.580000000000016
343,300313.SZ,天山生物,2,20171116,12.5,13.41,12.43,13.41,12.19,1.22,10.01,152032,198097.74899999998,农业综合,-10.35,4.230000000000016
344,002619.SZ,艾格拉斯,3,20171121,7.95,8.48,7.71,8.48,7.71,0.77,9.99,561560,458039.458,互联网,-13.8,-9.569999999999984
345,002214.SZ,大立科技,2,20171122,7.85,8.39,7.71,8.39,7.63,0.76,9.96,177461,143615.292,电器仪表,-1.84,-11.409999999999984
346,002214.SZ,大立科技,3,20171123,8.9,9.23,8.68,9.23,8.39,0.84,10.01,596769,543267.015,电器仪表,-9.54,-20.94999999999998
347,002302.SZ,西部建设,2,20171128,14.8,16.23,14.7,16.23,14.75,1.48,10.03,437127,677600.315,水泥,1.4,-19.549999999999983
348,002302.SZ,西部建设,3,20171129,17.12,17.85,16.52,17.85,16.23,1.62,9.98,522562,903759.4720000001,水泥,-7.23,-26.779999999999983
349,002336.SZ,ST人乐,2,20171201,9.97,10.91,9.93,10.91,9.92,0.99,9.98,33353,35119.211,超市连锁,-2.64,-29.419999999999984
350,002895.SZ,川恒股份,2,20171206,24.65,26.9,24.44,26.9,24.45,2.45,10.02,155364,395028.479,化工原料,1.16,-28.259999999999984
351,300725.SZ,药石科技,2,20171207,74.0,82.57,73.73,82.57,75.06,7.51,10.01,58869,462522.617,化学制药,8.9,-19.359999999999985
352,300725.SZ,药石科技,3,20171208,85.0,90.83,85.0,90.83,82.57,8.26,10.0,37272,330214.50399999996,化学制药,-10.17,-29.529999999999987
353,600520.SH,文一科技,2,20171212,20.44,20.44,19.7,20.44,18.58,1.86,10.01,82100,167130.422,机械基件,21.14,-8.389999999999986
354,000504.SZ,ST生物,2,20171214,22.99,23.72,22.86,23.72,21.56,2.16,10.02,109728,255365.46899999998,环境保护,-6.9,-15.289999999999987
355,600025.SH,华能水电,3,20171218,3.43,3.43,3.43,3.43,3.12,0.31,9.94,19238,6598.919,水力发电,,
356,600025.SH,华能水电,4,20171219,3.77,3.77,3.77,3.77,3.43,0.34,9.91,23685,8929.354,水力发电,,
357,600025.SH,华能水电,5,20171220,4.15,4.15,4.15,4.15,3.77,0.38,10.08,39273,16298.498,水力发电,,
358,600025.SH,华能水电,6,20171221,4.57,4.57,4.28,4.57,4.15,0.42,10.12,7544678,3381055.1,水力发电,13.35,-1.939999999999987
359,600025.SH,华能水电,7,20171222,4.6,5.03,4.57,5.03,4.57,0.46,10.07,4045537,1933577.545,水力发电,6.35,4.410000000000013
360,600903.SH,贵州燃气,4,20171225,13.35,13.94,13.1,13.94,12.67,1.27,10.02,713719,974469.15,供气供热,32.91,37.32000000000001
361,600903.SH,贵州燃气,5,20171226,14.38,15.33,14.21,15.33,13.94,1.39,9.97,477955,711143.814,供气供热,16.29,53.61000000000001
362,600903.SH,贵州燃气,6,20171227,16.4,16.86,16.4,16.86,15.33,1.53,9.98,402280,674568.046,供气供热,19.17,72.78
363,603363.SH,傲农生物,4,20171228,17.49,18.35,16.91,18.35,16.68,1.67,10.01,361002,630628.889,饲料,-12.39,60.39
364,600903.SH,贵州燃气,7,20180102,16.01,18.55,15.64,18.55,16.86,1.69,10.02,438406,736602.229,供气供热,-0.27,60.12
365,600903.SH,贵州燃气,8,20180103,19.07,20.41,18.66,20.41,18.55,1.86,10.03,769639,1531242.888,供气供热,-7.18,52.94
366,300675.SZ,建科院,3,20180105,33.9,37.4,33.89,37.4,34.0,3.4,10.0,126457,460053.38899999997,建筑工程,3.54,56.48
367,000732.SZ,泰禾集团,3,20180108,30.0,30.48,30.0,30.48,27.71,2.77,10.0,98228,298128.952,区域地产,,
368,002907.SZ,华森制药,5,20180111,33.44,35.29,33.0,35.29,32.08,3.21,10.01,152027,522239.75,化学制药,0.24,56.72
369,300487.SZ,蓝晓科技,3,20180117,22.7,24.09,22.58,24.09,21.9,2.19,10.0,114929,270145.397,化工原料,4.25,60.97
370,300487.SZ,蓝晓科技,4,20180118,26.0,26.5,25.65,26.5,24.09,2.41,10.0,117203,309507.77,化工原料,15.09,76.06
371,300487.SZ,蓝晓科技,5,20180119,28.48,29.15,27.33,29.15,26.5,2.65,10.0,202578,576939.254,化工原料,9.16,85.22
372,300561.SZ,汇金科技,2,20180125,46.5,48.0,45.15,48.0,43.64,4.36,9.99,97834,460371.62299999996,软件服务,-7.87,77.35
373,300487.SZ,蓝晓科技,6,20180126,30.0,32.07,29.5,32.07,29.15,2.92,10.02,117654,368739.299,化工原料,-8.84,68.50999999999999
374,002016.SZ,世荣兆业,3,20180130,14.7,15.96,14.56,15.96,14.51,1.45,9.99,529757,825188.76,区域地产,-7.0,61.50999999999999
375,603058.SH,永吉股份,3,20180201,21.91,23.08,21.91,23.08,20.98,2.1,10.01,189329,433658.786,广告包装,-13.64,47.86999999999999
376,000816.SZ,智慧农业,2,20180206,2.62,2.85,2.56,2.85,2.59,0.26,10.04,599099,165783.116,农用机械,13.25,61.11999999999999
377,000816.SZ,智慧农业,3,20180207,3.03,3.14,2.95,3.14,2.85,0.29,10.18,530123,162568.155,农用机械,,
378,603895.SH,天永智能,4,20180212,58.5,58.51,56.91,58.51,53.19,5.32,10.0,34025,198937.34600000002,专用机械,-14.39,46.72999999999999
379,002192.SZ,*ST融捷,2,20180213,26.16,26.16,26.16,26.16,23.78,2.38,10.01,19098,49962.068,专用机械,-0.51,46.21999999999999
380,600579.SH,克劳斯,3,20180222,9.97,10.29,9.9,10.29,9.35,0.94,10.05,27983,28340.592999999997,化工机械,9.82,56.03999999999999
381,600579.SH,克劳斯,4,20180223,10.8,11.32,10.28,11.32,10.29,1.03,10.01,183854,196737.238,化工机械,,
382,603616.SH,韩建河山,4,20180227,15.09,16.21,14.59,16.21,14.74,1.47,9.97,328150,508524.644,其他建材,2.97,59.00999999999999
383,300056.SZ,中创环保,3,20180228,6.78,7.02,6.63,7.02,6.38,0.64,10.03,91720,63374.824,环境保护,-4.55,54.459999999999994
384,600903.SH,贵州燃气,4,20180301,26.55,28.34,24.47,28.34,25.76,2.58,10.02,585329,1584125.616,供气供热,-1.86,52.599999999999994
385,300624.SZ,万兴科技,4,20180306,64.0,66.58,62.22,66.58,60.53,6.05,10.0,77940,507014.338,软件服务,53.11,105.71
386,300624.SZ,万兴科技,5,20180307,71.29,73.24,69.99,73.24,66.58,6.66,10.0,78638,569505.318,软件服务,36.28,141.99
387,300624.SZ,万兴科技,6,20180308,79.97,80.56,78.0,80.56,73.24,7.32,9.99,19891,158992.697,软件服务,,
388,000790.SZ,华神科技,4,20180309,9.44,9.45,9.04,9.45,8.59,0.86,10.01,602527,562947.425,中成药,-6.8,135.19
389,002927.SZ,泰永长征,5,20180313,53.01,55.21,50.7,55.21,50.19,5.02,10.0,158287,861380.953,电气设备,-2.89,132.3
390,000151.SZ,中成股份,3,20180315,14.05,14.73,13.69,14.73,13.39,1.34,10.01,373097,533849.504,商贸代理,19.79,152.09
391,300624.SZ,万兴科技,7,20180316,88.62,88.62,88.62,88.62,80.56,8.06,10.01,7400,65578.8,软件服务,,
392,300624.SZ,万兴科技,8,20180319,97.46,97.48,95.0,97.48,88.62,8.86,10.0,43089,419048.75,软件服务,6.41,158.5
393,300624.SZ,万兴科技,9,20180320,102.0,107.23,99.69,107.23,97.48,9.75,10.0,78969,823599.543,软件服务,-4.15,154.35
394,000151.SZ,中成股份,5,20180321,17.82,17.82,17.82,17.82,16.2,1.62,10.0,40418,72025.713,商贸代理,-1.94,152.41
395,000151.SZ,中成股份,6,20180322,19.0,19.6,18.61,19.6,17.82,1.78,9.99,482337,923096.233,商贸代理,-10.54,141.87
396,300667.SZ,必创科技,4,20180330,56.45,57.08,55.31,57.08,51.89,5.19,10.0,26055,147998.55800000002,电器仪表,,
397,300667.SZ,必创科技,5,20180402,62.79,62.79,62.79,62.79,57.08,5.71,10.0,3982,25002.978,电器仪表,,
398,002864.SZ,盘龙药业,5,20180403,59.95,63.62,58.66,63.62,57.84,5.78,9.99,63373,389431.459,中成药,,
399,002864.SZ,盘龙药业,6,20180404,69.98,69.98,65.11,69.98,63.62,6.36,10.0,89913,623343.2629999999,中成药,4.67,146.54
400,002864.SZ,盘龙药业,7,20180409,70.0,76.98,69.99,76.98,69.98,7.0,10.0,99248,736714.2840000001,中成药,-8.57,137.97
401,300670.SZ,大烨智能,5,20180410,34.5,36.2,34.5,36.2,32.91,3.29,10.0,185957,663184.11,电气设备,-6.53,131.44
402,002888.SZ,惠威科技,4,20180411,38.16,41.51,37.59,41.51,37.74,3.77,9.99,125363,502600.37200000003,元器件,-14.83,116.61
403,603383.SH,顶点软件,4,20180412,70.0,71.5,68.0,71.5,65.0,6.5,10.0,129169,913468.546,软件服务,-18.66,97.95
404,002908.SZ,德生科技,2,20180416,39.0,42.72,37.55,42.72,38.84,3.88,9.99,180860,719947.05,元器件,-6.21,91.74000000000001
405,002908.SZ,德生科技,3,20180417,45.0,46.99,44.11,46.99,42.72,4.27,10.0,255325,1186758.348,元器件,-0.07,91.67000000000002
406,002181.SZ,粤传媒,3,20180418,5.28,5.83,5.28,5.83,5.3,0.53,10.0,719360,410820.99100000004,出版业,-13.72,77.95000000000002
407,002806.SZ,华锋股份,3,20180419,23.3,23.3,23.3,23.3,21.18,2.12,10.01,9425,21962.16,元器件,19.82,97.77000000000001
408,002806.SZ,华锋股份,4,20180420,24.5,25.63,23.6,25.63,23.3,2.33,10.0,192022,484130.11100000003,元器件,,
409,002806.SZ,华锋股份,5,20180423,28.19,28.19,27.66,28.19,25.63,2.56,9.99,114441,322527.82,元器件,5.53,103.30000000000001
410,002806.SZ,华锋股份,6,20180424,30.77,31.01,29.8,31.01,28.19,2.82,10.0,80137,246109.613,元器件,,
411,002052.SZ,*ST同洲,4,20180425,6.41,6.41,6.41,6.41,5.83,0.58,9.95,389706,249801.61,通信设备,-11.72,91.58000000000001
412,300597.SZ,吉大通信,4,20180426,22.54,22.54,21.55,22.54,20.49,2.05,10.0,337853,752815.1209999999,通信设备,-19.75,71.83000000000001
413,002795.SZ,永和智控,4,20180504,19.02,19.73,18.8,19.73,17.94,1.79,9.98,265419,519703.494,机械基件,,
414,002795.SZ,永和智控,5,20180507,21.7,21.7,21.7,21.7,19.73,1.97,9.98,71973,156182.929,机械基件,,
415,002795.SZ,永和智控,6,20180508,23.87,23.87,23.87,23.87,21.7,2.17,10.0,18398,43916.026,机械基件,,
416,300522.SZ,世名科技,4,20180510,29.87,30.38,29.2,30.38,27.62,2.76,9.99,95943,290301.432,染料涂料,-23.56,48.27000000000001
417,002795.SZ,永和智控,7,20180511,26.26,26.26,26.0,26.26,23.87,2.39,10.01,146836,385564.12,机械基件,-3.92,44.35000000000001
418,002930.SZ,宏川智慧,4,20180514,41.53,41.53,38.0,41.53,37.75,3.78,10.01,302077,1227288.738,仓储物流,8.23,52.58000000000001
419,002931.SZ,锋龙股份,2,20180515,67.13,67.13,65.0,67.13,61.03,6.1,10.0,78588,527262.4,汽车配件,-0.96,51.62000000000001
420,002930.SZ,宏川智慧,5,20180517,44.0,45.68,43.1,45.68,41.53,4.15,9.99,156655,706881.321,仓储物流,,
421,002930.SZ,宏川智慧,6,20180518,50.0,50.25,48.21,50.25,45.68,4.57,10.0,127970,639872.537,仓储物流,,
422,002930.SZ,宏川智慧,7,20180521,55.28,55.28,55.28,55.28,50.25,5.03,10.01,13670,75572.62400000001,仓储物流,,
423,002930.SZ,宏川智慧,8,20180522,60.74,60.81,58.0,60.81,55.28,5.53,10.0,312005,1879111.826,仓储物流,-3.39,48.23000000000001
424,300644.SZ,南京聚隆,5,20180523,71.83,71.83,67.28,71.83,65.3,6.53,10.0,78517,558456.38,塑料,,
425,300731.SZ,科创新源,3,20180524,45.95,51.73,45.3,51.73,47.03,4.7,9.99,80334,396002.124,橡胶,,
426,603800.SH,道森股份,5,20180525,21.99,21.99,21.99,21.99,19.99,2.0,10.01,19034,41856.866,专用机械,-1.65,46.58000000000001
427,603800.SH,道森股份,6,20180528,22.79,24.19,22.0,24.19,21.99,2.2,10.0,248935,587636.996,专用机械,-5.04,41.54000000000001
428,300490.SZ,华自科技,3,20180530,16.8,19.6,16.22,19.6,17.82,1.78,9.99,259022,477362.573,电气设备,4.8,46.34000000000001
429,300490.SZ,华自科技,4,20180531,20.0,21.56,19.31,21.56,19.6,1.96,10.0,199328,420021.883,电气设备,,
430,002481.SZ,双塔食品,2,20180601,4.53,4.91,4.48,4.91,4.46,0.45,10.09,1397619,652616.887,食品,-2.21,44.13000000000001
431,300647.SZ,超频三,3,20180606,16.78,16.78,16.78,16.78,15.25,1.53,10.03,9827,16491.115,元器件,1.0,45.13000000000001
432,300647.SZ,超频三,4,20180607,16.8,18.46,16.18,18.46,16.78,1.68,10.01,372038,651558.24,元器件,43.5,88.63000000000001
433,002607.SZ,中公教育,4,20180612,12.55,13.74,12.12,13.74,12.49,1.25,10.01,1721656,2227117.684,文教休闲,,
434,002607.SZ,中公教育,5,20180613,15.11,15.11,14.51,15.11,13.74,1.37,9.97,1631853,2454607.315,文教休闲,-10.81,77.82000000000001
435,000019.SZ,深粮控股,4,20180614,13.17,13.17,12.51,13.17,11.97,1.2,10.03,466744,610214.476,其他商业,-17.88,59.94000000000001
436,300139.SZ,晓程科技,3,20180619,8.72,9.72,8.32,9.72,8.84,0.88,9.95,723059,671716.915,元器件,-5.0,54.94000000000001
437,002684.SZ,ST猛狮,3,20180621,9.24,9.5,9.18,9.5,8.64,0.86,9.95,180252,169650.68899999998,电气设备,9.55,64.49000000000001
438,002684.SZ,ST猛狮,4,20180622,10.0,10.45,9.9,10.45,9.5,0.95,10.0,412126,425121.69299999997,电气设备,,
439,300647.SZ,超频三,4,20180625,26.76,26.76,26.64,26.76,24.33,2.43,9.99,188984,505663.895,元器件,13.99,78.48
440,300745.SZ,欣锐科技,6,20180702,90.29,90.29,90.29,90.29,82.08,8.21,10.0,7549,68163.532,汽车配件,,
441,300312.SZ,邦讯技术,4,20180703,9.66,9.66,9.66,9.66,8.78,0.88,10.02,72471,70007.411,通信设备,-4.52,73.96000000000001
442,300312.SZ,邦讯技术,5,20180704,10.0,10.63,9.86,10.63,9.66,0.97,10.04,517564,533334.507,通信设备,-14.44,59.52000000000001
443,002356.SZ,*ST赫美,4,20180706,19.0,19.47,18.4,19.47,17.7,1.77,10.0,79119,152688.858,其他商业,8.34,67.86000000000001
444,603045.SH,福达合金,4,20180709,73.47,73.47,73.47,73.47,66.79,6.68,10.0,2428,17844.394,电气设备,-7.43,60.430000000000014
445,603045.SH,福达合金,5,20180710,80.0,80.82,78.5,80.82,73.47,7.35,10.0,95129,764751.069,电气设备,-17.44,42.99000000000001
446,300390.SZ,天华超净,4,20180712,11.04,12.46,10.74,12.46,11.33,1.13,9.97,561063,669710.3,元器件,3.7,46.69000000000001
447,300390.SZ,天华超净,5,20180713,13.49,13.71,12.55,13.71,12.46,1.25,10.03,531057,713903.2370000001,元器件,-22.88,23.810000000000013
448,002243.SZ,通产丽星,4,20180717,7.81,7.81,7.68,7.81,7.1,0.71,10.0,127858,99841.40800000001,塑料,,
449,002243.SZ,通产丽星,5,20180718,8.59,8.59,8.42,8.59,7.81,0.78,9.99,159154,136576.05,塑料,-3.46,20.350000000000012
450,002243.SZ,通产丽星,6,20180719,8.8,9.45,8.29,9.45,8.59,0.86,10.01,632948,563802.81,塑料,11.93,32.280000000000015
451,300586.SZ,美联新材,3,20180720,20.2,20.98,20.1,20.98,19.07,1.91,10.0157,161316,334299.271,化工原料,-18.27,14.010000000000016
452,002628.SZ,成都路桥,3,20180723,5.16,5.45,4.9,5.45,4.95,0.5,10.101,606090,320775.753,建筑工程,,
453,002628.SZ,成都路桥,4,20180724,6.0,6.0,6.0,6.0,5.45,0.55,10.0917,48696,29217.75,建筑工程,,
454,002628.SZ,成都路桥,5,20180725,6.6,6.6,6.6,6.6,6.0,0.6,10.0,31046,20490.775,建筑工程,,
455,002628.SZ,成都路桥,6,20180726,7.26,7.26,7.26,7.26,6.6,0.66,10.0,31180,22636.839,建筑工程,4.87,18.880000000000017
456,000509.SZ,*ST华塑,4,20180730,3.62,3.62,3.51,3.62,3.29,0.33,10.0304,996421,359969.276,医疗保健,-1.28,17.600000000000016
457,300240.SZ,飞力达,3,20180803,8.46,8.46,7.95,8.46,7.69,0.77,10.013,331003,275633.365,仓储物流,-6.35,11.250000000000016
458,002700.SZ,ST浩源,3,20180806,9.06,9.75,8.7,9.75,8.86,0.89,10.0451,358261,339774.471,供气供热,20.3,31.55000000000002
459,002700.SZ,ST浩源,4,20180807,9.2,10.73,9.2,10.73,9.75,0.98,10.0513,338137,342853.13899999997,供气供热,-5.0,26.55000000000002
460,002700.SZ,ST浩源,5,20180808,11.6,11.8,10.43,11.8,10.73,1.07,9.972000000000001,353577,403279.70399999997,供气供热,-1.66,24.89000000000002
461,300392.SZ,腾信股份,4,20180810,8.99,8.99,8.99,8.99,8.17,0.82,10.0367,43521,39125.864,互联网,-4.0,20.89000000000002
462,300392.SZ,腾信股份,5,20180813,9.71,9.89,9.35,9.89,8.99,0.9,10.0111,433455,423151.51,互联网,-9.85,11.040000000000019
463,300310.SZ,宜通世纪,3,20180815,5.78,6.39,5.67,6.39,5.81,0.58,9.9828,1322487,820267.605,通信设备,-12.68,-1.639999999999981
464,002348.SZ,高乐股份,3,20180817,4.71,4.88,4.4,4.88,4.44,0.44,9.9099,1156692,551584.794,文教休闲,-14.71,-16.34999999999998
465,300542.SZ,新晨科技,3,20180821,16.57,18.25,16.57,18.25,16.59,1.66,10.006,141808,245792.048,软件服务,-7.51,-23.859999999999978
466,603032.SH,德新交运,3,20180822,13.66,14.27,13.66,14.27,12.97,1.3,10.0231,162843,229941.223,公路,0.91,-22.949999999999978
467,603032.SH,德新交运,4,20180823,14.77,15.7,13.5,15.7,14.27,1.43,10.021,224807,330189.928,公路,2.49,-20.45999999999998
468,603032.SH,德新交运,5,20180824,15.67,17.27,15.1,17.27,15.7,1.57,10.0,207961,343646.768,公路,-2.87,-23.32999999999998
469,300399.SZ,天利科技,4,20180827,12.21,13.89,12.19,13.89,12.63,1.26,9.9762,164258,214966.83899999998,互联网,-12.96,-36.28999999999998
470,603032.SH,德新交运,2,20180830,17.79,19.25,17.68,19.25,17.5,1.75,10.0,300938,560090.047,公路,7.51,-28.77999999999998
471,603032.SH,德新交运,3,20180831,19.0,21.18,18.6,21.18,19.25,1.93,10.026,292850,591454.716,公路,-8.84,-37.619999999999976
472,000669.SZ,*ST金鸿,3,20180903,5.49,5.71,5.33,5.71,5.19,0.52,10.0193,618344,348367.66799999995,供气供热,8.25,-29.369999999999976
473,000669.SZ,*ST金鸿,4,20180904,5.93,6.28,5.93,6.28,5.71,0.57,9.9825,498001,305657.126,供气供热,8.82,-20.549999999999976
474,300411.SZ,金盾股份,4,20180906,9.56,9.94,9.35,9.94,9.04,0.9,9.9558,432939,421732.24700000003,专用机械,2.62,-17.929999999999975
475,300411.SZ,金盾股份,5,20180907,10.05,10.93,9.94,10.93,9.94,0.99,9.9598,517079,546620.345,专用机械,3.14,-14.789999999999974
476,600903.SH,贵州燃气,3,20180910,22.55,24.21,22.54,24.21,22.01,2.2,9.9955,409620,970660.3520000001,供气供热,-10.93,-25.719999999999974
477,002692.SZ,ST远程,3,20180911,4.26,4.39,4.26,4.39,3.99,0.4,10.0251,135186,58976.695999999996,电气设备,-0.25,-25.969999999999974
478,002692.SZ,ST远程,4,20180912,4.49,4.83,4.17,4.83,4.39,0.44,10.0228,659207,305414.779,电气设备,-0.94,-26.909999999999975
479,300023.SZ,宝德股份,4,20180914,7.2,7.33,7.06,7.33,6.66,0.67,10.0601,205513,149864.351,专用机械,20.35,-6.559999999999974
480,300023.SZ,宝德股份,5,20180917,7.73,8.06,7.51,8.06,7.33,0.73,9.9591,271023,212765.445,专用机械,14.33,7.770000000000026
481,300023.SZ,宝德股份,6,20180918,8.13,8.87,8.01,8.87,8.06,0.81,10.0496,236282,201053.705,专用机械,,
482,300092.SZ,科新机电,4,20180920,8.68,9.02,8.67,9.02,8.2,0.82,10.0,349459,310119.021,专用机械,-14.47,-6.699999999999974
483,603917.SH,合力科技,3,20180925,17.6,17.66,16.68,17.66,16.05,1.61,10.0312,77104,134972.747,汽车配件,-8.75,-15.449999999999974
484,002113.SZ,*ST天润,3,20180926,4.06,4.38,3.95,4.38,3.98,0.4,10.0503,720720,303524.99,互联网,4.05,-11.399999999999974
485,002113.SZ,*ST天润,4,20180927,4.5,4.82,4.48,4.82,4.38,0.44,10.0457,1189176,556118.669,互联网,-3.42,-14.819999999999974
486,002931.SZ,锋龙股份,5,20181010,44.44,46.99,44.44,46.99,42.72,4.27,9.9953,72326,336615.00700000004,汽车配件,-5.32,-20.139999999999972
487,300670.SZ,大烨智能,3,20181011,15.66,17.01,15.06,17.01,15.46,1.55,10.0259,250050,406045.477,电气设备,9.45,-10.689999999999973
488,300670.SZ,大烨智能,4,20181012,17.66,18.71,17.18,18.71,17.01,1.7,9.9941,173188,313639.965,电气设备,-3.61,-14.299999999999972
489,300670.SZ,大烨智能,5,20181015,20.29,20.58,19.66,20.58,18.71,1.87,9.9947,119698,242909.313,电气设备,-4.48,-18.779999999999973
490,600766.SH,园城黄金,3,20181016,6.21,6.48,6.21,6.48,5.89,0.59,10.017000000000001,76094,48752.879,黄金,-1.22,-19.99999999999997
491,600766.SH,园城黄金,4,20181017,6.68,7.13,6.48,7.13,6.48,0.65,10.0309,430306,297161.925,黄金,-6.54,-26.53999999999997
492,002451.SZ,摩恩电气,4,20181024,7.51,7.74,7.51,7.74,7.04,0.7,9.9432,176637,135455.092,电气设备,,
493,000750.SZ,国海证券,4,20181025,3.85,4.26,3.81,4.26,3.87,0.39,10.0775,3892100,1547619.625,证券,-1.77,-28.30999999999997
494,000622.SZ,恒立实业,3,20181026,4.15,4.15,4.15,4.15,3.77,0.38,10.0796,16175,6712.67,汽车配件,61.55,33.24000000000002
495,000622.SZ,恒立实业,4,20181029,4.3,4.57,4.25,4.57,4.15,0.42,10.1205,516688,231825.17,汽车配件,51.55,84.79000000000002
496,000622.SZ,恒立实业,5,20181030,4.58,5.03,4.46,5.03,4.57,0.46,10.0656,315815,151332.26,汽车配件,,
497,300279.SZ,和晶科技,4,20181101,5.68,6.39,5.44,6.39,5.81,0.58,9.9828,272903,165609.937,元器件,,
498,000622.SZ,恒立实业,6,20181105,5.53,5.53,5.53,5.53,5.03,0.5,9.9404,27776,15360.675,汽车配件,,
499,000622.SZ,恒立实业,7,20181106,6.08,6.08,6.08,6.08,5.53,0.55,9.9458,161595,98249.76,汽车配件,7.03,91.82000000000002
500,000622.SZ,恒立实业,8,20181107,6.45,6.69,6.33,6.69,6.08,0.61,10.0329,388073,255523.605,汽车配件,6.97,98.79000000000002
501,000622.SZ,恒立实业,9,20181108,7.25,7.36,6.98,7.36,6.69,0.67,10.0149,658446,479986.652,汽车配件,31.8,130.59000000000003
502,600128.SH,弘业股份,6,20181109,9.79,9.79,9.6,9.79,8.9,0.89,10.0,277810,271784.351,商贸代理,,
503,600128.SH,弘业股份,7,20181112,10.77,10.77,10.52,10.77,9.79,0.98,10.0102,149012,160348.186,商贸代理,,
504,600128.SH,弘业股份,8,20181113,11.85,11.85,11.85,11.85,10.77,1.08,10.0279,30955,36681.971,商贸代理,,
505,600604.SH,市北高新,9,20181115,8.33,8.33,8.33,8.33,7.57,0.76,10.0396,142574,118764.509,园区开发,,
506,600604.SH,市北高新,10,20181116,9.16,9.16,9.16,9.16,8.33,0.83,9.964,509596,466790.33,园区开发,,
507,600604.SH,市北高新,11,20181119,10.08,10.08,10.08,10.08,9.16,0.92,10.0437,154059,155292.34900000002,园区开发,-0.21,130.38000000000002
508,600604.SH,市北高新,12,20181120,10.53,11.09,10.37,11.09,10.08,1.01,10.0198,3445582,3759333.255,园区开发,-4.47,125.91000000000003
509,002451.SZ,摩恩电气,3,20181121,9.99,10.78,9.87,10.78,9.8,0.98,10.0,715674,748546.1170000001,电气设备,-30.37,95.54000000000002
510,600538.SH,国发股份,3,20181126,5.45,5.56,5.21,5.56,5.05,0.51,10.099,371902,205452.27800000002,医药商业,,
511,002288.SZ,超华科技,5,20181130,4.82,5.16,4.55,5.16,4.69,0.47,10.0213,1712944,839262.8709999999,元器件,2.05,97.59000000000002
512,002288.SZ,超华科技,6,20181203,5.5,5.68,5.42,5.68,5.16,0.52,10.0775,625873,349913.341,元器件,-13.22,84.37000000000002
513,002288.SZ,超华科技,7,20181204,5.9,6.25,5.68,6.25,5.68,0.57,10.0352,2070239,1260940.33,元器件,-8.96,75.41000000000003
514,300210.SZ,森远股份,5,20181206,6.26,6.29,6.01,6.29,5.72,0.57,9.965,496163,309477.875,专用机械,-21.83,53.58000000000003
515,300175.SZ,朗源股份,3,20181207,5.15,5.35,5.15,5.35,4.86,0.49,10.0823,406023,215761.238,食品,1.73,55.310000000000024
516,300746.SZ,汉嘉设计,2,20181213,18.99,20.15,18.18,20.15,18.32,1.83,9.9891,118198,227683.12300000002,建筑工程,13.64,68.95000000000002
517,300746.SZ,汉嘉设计,3,20181214,20.97,22.17,20.6,22.17,20.15,2.02,10.0248,288370,624257.598,建筑工程,-0.96,67.99000000000002
518,300746.SZ,汉嘉设计,4,20181217,24.0,24.39,23.35,24.39,22.17,2.22,10.0135,189059,456964.953,建筑工程,-21.3,46.690000000000026
519,000068.SZ,华控赛格,3,20181218,4.42,4.69,4.27,4.69,4.26,0.43,10.0939,884599,399520.782,环境保护,-3.97,42.72000000000003
520,002927.SZ,泰永长征,3,20181220,28.84,31.11,27.36,31.11,28.28,2.83,10.0071,119103,355338.92299999995,电气设备,31.9,74.62000000000003
521,002927.SZ,泰永长征,4,20181221,32.99,34.22,32.0,34.22,31.11,3.11,9.9968,150452,503114.82,电气设备,17.71,92.33000000000004
522,002927.SZ,泰永长征,5,20181224,36.9,37.64,36.58,37.64,34.22,3.42,9.9942,81650,305290.228,电气设备,28.38,120.71000000000004
523,002927.SZ,泰永长征,6,20181225,33.88,41.4,33.88,41.4,37.64,3.76,9.9894,156657,570330.05,电气设备,,
524,000586.SZ,汇源通信,3,20181226,10.05,10.14,9.42,10.14,9.22,0.92,9.9783,334023,333691.515,通信设备,4.89,125.60000000000004
525,000586.SZ,汇源通信,4,20181227,10.1,11.15,9.51,11.15,10.14,1.01,9.9606,328837,341011.888,通信设备,2.67,128.27000000000004
526,601700.SH,风范股份,3,20181228,3.6,3.82,3.37,3.82,3.47,0.35,10.0865,537273,192798.292,电气设备,0.99,129.26000000000005
527,601700.SH,风范股份,4,20190102,4.05,4.2,4.02,4.2,3.82,0.38,9.9476,619588,258384.02,电气设备,7.41,136.67000000000004
528,601700.SH,风范股份,5,20190103,4.3,4.62,4.11,4.62,4.2,0.42,10.0,916494,408022.902,电气设备,29.0,165.67000000000004
529,601700.SH,风范股份,6,20190104,4.85,5.08,4.7,5.08,4.62,0.46,9.9567,758637,377392.66799999995,电气设备,,
530,601700.SH,风范股份,7,20190107,5.59,5.59,5.59,5.59,5.08,0.51,10.0394,60720,33942.497,电气设备,,
531,601700.SH,风范股份,8,20190108,6.15,6.15,6.05,6.15,5.59,0.56,10.0179,598674,368027.969,电气设备,6.11,171.78000000000006
532,601700.SH,风范股份,9,20190109,6.55,6.77,6.3,6.77,6.15,0.62,10.0813,959990,632010.081,电气设备,-0.84,170.94000000000005
533,601700.SH,风范股份,10,20190110,7.0,7.45,6.91,7.45,6.77,0.68,10.0443,1690671,1226841.1670000001,电气设备,-5.27,165.67000000000004
534,002941.SZ,新疆交建,6,20190111,40.57,40.57,39.3,40.57,36.88,3.69,10.0054,94231,381159.659,建筑工程,,
535,603220.SH,中贝通信,4,20190114,30.83,30.83,26.88,30.83,28.03,2.8,9.9893,560912,1672394.135,通信设备,1.09,166.76000000000005
536,000410.SZ,*ST沈机,3,20190116,8.48,8.48,8.48,8.48,7.71,0.77,9.987,43081,36532.696,机床制造,-7.06,159.70000000000005
537,002158.SZ,汉钟精机,3,20190117,9.0,10.2,8.78,10.2,9.27,0.93,10.0324,755920,730309.853,工程机械,-8.36,151.34000000000003
538,002170.SZ,芭田股份,5,20190124,4.95,4.95,4.86,4.95,4.5,0.45,10.0,366960,181388.29100000003,农药化肥,-36.85,114.49000000000004
539,600218.SH,全柴动力,5,20190125,8.79,9.71,8.52,9.71,8.83,0.88,9.966000000000001,792421,734828.2790000001,农用机械,-13.49,101.00000000000004
540,600386.SH,北巴传媒,3,20190129,4.17,4.66,4.16,4.66,4.24,0.42,9.9057,565618,258164.14800000002,汽车服务,-17.88,83.12000000000005
541,000862.SZ,银星能源,2,20190131,3.3,3.6,3.27,3.6,3.27,0.33,10.0917,396399,139361.809,新型电力,,
542,000862.SZ,银星能源,3,20190201,3.96,3.96,3.91,3.96,3.6,0.36,10.0,575313,227819.22,新型电力,,
543,000862.SZ,银星能源,4,20190211,4.33,4.36,4.22,4.36,3.96,0.4,10.101,490497,212781.009,新型电力,,
544,000862.SZ,银星能源,5,20190212,4.8,4.8,4.8,4.8,4.36,0.44,10.0917,48571,23314.185,新型电力,34.19,117.31000000000004
545,000862.SZ,银星能源,6,20190213,5.0,5.28,4.95,5.28,4.8,0.48,10.0,1133788,587599.424,新型电力,,
546,000862.SZ,银星能源,7,20190214,5.81,5.81,5.81,5.81,5.28,0.53,10.0379,132951,77245.00099999999,新型电力,6.6,123.91000000000004
547,000862.SZ,银星能源,8,20190215,6.27,6.39,6.21,6.39,5.81,0.58,9.9828,579361,367956.56,新型电力,,
548,000862.SZ,银星能源,9,20190218,7.02,7.03,6.2,7.03,6.39,0.64,10.0156,2242561,1494861.1609999998,新型电力,7.61,131.52000000000004
549,000023.SZ,深天地A,4,20190220,17.93,18.15,16.89,18.15,16.5,1.65,10.0,253330,446951.63,其他建材,-9.51,122.01000000000003
550,600776.SH,东方通信,5,20190222,29.11,30.64,29.1,30.64,27.85,2.79,10.017999999999999,968027,2902124.729,通信设备,,
551,600776.SH,东方通信,6,20190225,33.7,33.7,33.1,33.7,30.64,3.06,9.9869,205344,691129.3459999999,通信设备,,
552,603000.SH,人民网,5,20190226,17.42,17.42,17.42,17.42,15.84,1.58,9.9747,43405,75612.782,互联网,,
553,601519.SH,大智慧,6,20190228,7.84,7.84,7.39,7.84,7.13,0.71,9.9579,3101366,2410146.239,软件服务,45.42,167.43000000000004
554,002750.SZ,龙津药业,7,20190308,14.11,14.11,14.11,14.11,12.83,1.28,9.9766,43797,61798.653,中成药,,
555,002750.SZ,龙津药业,8,20190311,15.52,15.52,14.95,15.52,14.11,1.41,9.9929,504473,777870.55,中成药,7.38,174.81000000000003
556,002175.SZ,ST东网,8,20190312,7.37,7.72,7.0,7.72,7.02,0.7,9.9715,1306197,989259.928,电器仪表,-14.46,160.35000000000002
557,002175.SZ,ST东网,9,20190313,8.0,8.49,7.76,8.49,7.72,0.77,9.9741,2201459,1828593.38,电器仪表,-10.33,150.02
558,600624.SH,复旦复华,6,20190318,11.25,12.09,10.75,12.09,10.99,1.1,10.0091,2451021,2846833.692,化学制药,34.14,184.16000000000003
559,600624.SH,复旦复华,7,20190319,11.25,13.3,11.15,13.3,12.09,1.21,10.0083,1790751,2228732.045,化学制药,7.25,191.41000000000003
560,600624.SH,复旦复华,8,20190320,14.02,14.63,13.7,14.63,13.3,1.33,10.0,1665495,2403225.11,化学制药,-8.65,182.76000000000002
561,000159.SZ,国际实业,6,20190321,9.68,9.68,9.68,9.68,8.8,0.88,10.0,45878,44410.252,石油贸易,,
562,000159.SZ,国际实业,7,20190322,10.64,10.65,10.44,10.65,9.68,0.97,10.0207,982245,1045544.74,石油贸易,-8.55,174.21
563,000610.SZ,西安旅游,5,20190326,13.4,14.81,12.11,14.81,13.46,1.35,10.0297,1026579,1392848.513,旅游服务,14.48,188.69
564,000610.SZ,西安旅游,6,20190327,14.04,16.29,14.04,16.29,14.81,1.48,9.9932,976734,1485189.7659999998,旅游服务,-19.56,169.13
565,600278.SH,东方创业,5,20190328,18.75,18.77,17.83,18.77,17.06,1.71,10.0234,557724,1028056.916,商贸代理,-10.46,158.67
566,600146.SH,*ST环球,4,20190329,12.8,13.65,11.6,13.65,12.41,1.24,9.9919,722485,945107.422,服饰,,
567,600146.SH,*ST环球,5,20190401,15.02,15.02,14.9,15.02,13.65,1.37,10.0366,217788,327087.542,服饰,,
568,600146.SH,*ST环球,6,20190402,16.52,16.52,16.01,16.52,15.02,1.5,9.9867,366730,605356.853,服饰,-9.31,149.35999999999999
569,300099.SZ,精准信息,7,20190408,10.75,10.75,10.75,10.75,9.77,0.98,10.0307,141137,151723.038,电器仪表,-2.53,146.82999999999998
570,300099.SZ,精准信息,8,20190409,11.41,11.83,11.41,11.83,10.75,1.08,10.0465,1455246,1686604.371,电器仪表,-10.64,136.19
571,300194.SZ,福安药业,8,20190410,7.32,8.03,7.2,8.03,7.3,0.73,10.0,940631,739223.348,化学制药,-9.14,127.05
572,000958.SZ,东方能源,6,20190415,8.68,8.68,8.68,8.68,7.89,0.79,10.0127,31329,27193.728,火力发电,,
573,600081.SH,东风科技,5,20190416,14.33,16.72,13.68,16.72,15.2,1.52,10.0,480404,708988.4190000001,汽车配件,8.11,135.16
574,600081.SH,东风科技,6,20190417,17.09,18.39,17.09,18.39,16.72,1.67,9.988,523650,932826.442,汽车配件,-8.44,126.72
575,002783.SZ,凯龙股份,5,20190418,20.93,20.93,20.03,20.93,19.03,1.9,9.9842,507477,1061667.001,化工原料,1.84,128.56
576,300573.SZ,兴齐眼药,6,20190423,48.73,48.73,48.73,48.73,44.3,4.43,10.0,45061,219586.443,化学制药,,
577,300573.SZ,兴齐眼药,7,20190424,53.6,53.6,53.59,53.6,48.73,4.87,9.9938,38670,207273.03,化学制药,,
578,300573.SZ,兴齐眼药,8,20190425,58.96,58.96,58.96,58.96,53.6,5.36,10.0,23156,136529.25,化学制药,,
579,300573.SZ,兴齐眼药,9,20190426,64.86,64.86,55.1,64.86,58.96,5.9,10.0068,105738,654087.14,化学制药,-9.48,119.08
580,000815.SZ,美利云,4,20190429,12.56,12.56,12.51,12.56,11.42,1.14,9.9825,364557,457870.475,造纸,9.74,128.82
581,300405.SZ,科隆股份,4,20190430,13.7,14.18,13.6,14.18,12.89,1.29,10.0078,75981,105665.53199999999,化工原料,14.67,143.48999999999998
582,300405.SZ,科隆股份,5,20190506,14.99,15.6,14.6,15.6,14.18,1.42,10.0141,215693,331812.518,化工原料,,
583,300405.SZ,科隆股份,6,20190507,17.16,17.16,16.69,17.16,15.6,1.56,10.0,69735,119615.19,化工原料,-4.3,139.18999999999997
584,300405.SZ,科隆股份,7,20190508,18.03,18.88,17.03,18.88,17.16,1.72,10.0233,370289,684210.819,化工原料,2.16,141.34999999999997
585,600127.SH,金健米业,5,20190509,5.29,5.29,5.21,5.29,4.81,0.48,9.9792,1429324,756012.1579999999,农业综合,-2.76,138.58999999999997
586,002077.SZ,*ST大港,4,20190510,7.52,7.52,7.38,7.52,6.84,0.68,9.9415,407636,306331.392,区域地产,,
587,002077.SZ,*ST大港,5,20190513,8.27,8.27,8.27,8.27,7.52,0.75,9.9734,69958,57855.265999999996,区域地产,,
588,002077.SZ,*ST大港,6,20190514,9.1,9.1,8.55,9.1,8.27,0.83,10.0363,1414539,1269436.514,区域地产,6.3,144.89
589,002077.SZ,*ST大港,7,20190515,9.1,10.01,8.82,10.01,9.1,0.91,10.0,1228410,1143925.038,区域地产,-1.11,143.77999999999997
590,000713.SZ,丰乐种业,4,20190516,14.14,14.59,13.86,14.59,13.26,1.33,10.0302,782451,1129427.756,种植业,8.01,151.78999999999996
591,000713.SZ,丰乐种业,5,20190517,14.99,16.05,14.99,16.05,14.59,1.46,10.0069,718071,1122677.742,种植业,-31.76,120.02999999999996
592,300029.SZ,ST天龙,4,20190520,7.43,7.43,7.06,7.43,6.75,0.68,10.0741,236503,175271.079,专用机械,,
593,300029.SZ,ST天龙,5,20190521,8.17,8.17,8.17,8.17,7.43,0.74,9.9596,97234,79440.218,专用机械,,
594,300029.SZ,ST天龙,6,20190522,8.99,8.99,8.99,8.99,8.17,0.82,10.0367,54769,49237.708,专用机械,-24.95,95.07999999999996
595,600734.SH,*ST实达,6,20190523,13.11,13.11,13.11,13.11,11.92,1.19,9.9832,379952,498117.963,IT设备,-15.01,80.06999999999995
596,300748.SZ,金力永磁,6,20190530,54.27,54.27,51.01,54.27,49.34,4.93,9.9919,188457,1007225.2690000001,元器件,9.72,89.78999999999995
597,300748.SZ,金力永磁,7,20190531,56.88,59.7,55.91,59.7,54.27,5.43,10.0055,110208,637561.116,元器件,,
598,600354.SH,*ST敦种,5,20190603,7.71,8.47,7.7,8.47,7.7,0.77,10.0,982024,815673.181,种植业,-5.12,84.66999999999994
599,002902.SZ,铭普光磁,5,20190604,36.5,39.49,36.5,39.49,35.9,3.59,10.0,247925,956437.192,元器件,3.04,87.70999999999995
600,002902.SZ,铭普光磁,6,20190605,39.59,43.44,39.49,43.44,39.49,3.95,10.0025,242773,1026514.315,元器件,-11.49,76.21999999999996
601,300615.SZ,欣天科技,4,20190606,28.26,28.26,26.28,28.26,25.69,2.57,10.0039,275794,771718.0340000001,元器件,,
602,300615.SZ,欣天科技,5,20190610,31.08,31.09,31.08,31.09,28.26,2.83,10.0142,58265,181124.342,元器件,11.54,87.75999999999996
603,300615.SZ,欣天科技,6,20190611,33.49,34.2,32.82,34.2,31.09,3.11,10.0032,115611,390935.93299999996,元器件,,
604,300615.SZ,欣天科技,7,20190612,37.62,37.62,36.7,37.62,34.2,3.42,10.0,64151,240987.06699999998,元器件,-27.77,59.98999999999997
605,300127.SZ,银河磁体,6,20190613,25.8,26.38,25.5,26.38,23.98,2.4,10.0083,537885,1407551.274,元器件,-18.85,41.139999999999965
606,300189.SZ,神农科技,3,20190614,5.04,5.28,5.04,5.28,4.8,0.48,10.0,1491692,781730.271,种植业,-19.94,21.199999999999964
607,603258.SH,电魂网络,5,20190619,29.59,29.59,29.59,29.59,26.9,2.69,10.0,12905,38185.895,互联网,10.9,32.099999999999966
608,603258.SH,电魂网络,6,20190620,31.0,32.55,29.18,32.55,29.59,2.96,10.0034,251005,780710.902,互联网,-1.41,30.689999999999966
609,601038.SH,一拖股份,6,20190624,10.79,10.79,10.79,10.79,9.81,0.98,9.9898,49874,53814.219000000005,农用机械,-4.41,26.279999999999966
610,601038.SH,一拖股份,7,20190625,11.6,11.87,11.55,11.87,10.79,1.08,10.0093,488442,574564.81,农用机械,-18.88,7.399999999999967
611,300023.SZ,宝德股份,6,20190626,10.45,10.45,10.07,10.45,9.5,0.95,10.0,288613,301253.969,专用机械,-25.25,-17.850000000000033
612,300371.SZ,汇中股份,4,20190627,16.5,16.53,16.28,16.53,15.03,1.5,9.98,120460,199032.142,电器仪表,-11.12,-28.970000000000034
613,603738.SH,泰晶科技,4,20190628,23.87,25.86,23.51,25.86,23.51,2.35,9.9957,167804,419426.104,元器件,,
614,603738.SH,泰晶科技,5,20190701,28.45,28.45,28.45,28.45,25.86,2.59,10.0155,9094,25874.678,元器件,,
615,300403.SZ,汉宇集团,3,20190703,7.16,7.46,7.16,7.46,6.78,0.68,10.0295,199258,146040.37099999998,家用电器,,
616,300527.SZ,中船应急,3,20190704,14.45,15.0,13.97,15.0,13.64,1.36,9.9707,810710,1199737.105,专用机械,-8.01,-36.98000000000003
617,002645.SZ,华宏科技,4,20190705,9.71,9.71,9.71,9.71,8.83,0.88,9.966000000000001,3835,3723.8140000000003,专用机械,,
618,002645.SZ,华宏科技,5,20190708,10.68,10.68,9.81,10.68,9.71,0.97,9.9897,485662,513628.153,专用机械,-4.7,-41.680000000000035
619,300554.SZ,三超新材,3,20190710,22.61,22.61,22.41,22.61,20.55,2.06,10.0243,130959,296085.659,矿物制品,5.64,-36.040000000000035
620,300554.SZ,三超新材,4,20190711,22.8,24.87,22.8,24.87,22.61,2.26,9.9956,151203,362826.347,矿物制品,-12.87,-48.91000000000003
621,600078.SH,澄星股份,4,20190715,6.09,6.24,5.88,6.24,5.67,0.57,10.0529,977183,597928.926,化工原料,7.39,-41.52000000000003
622,600078.SH,澄星股份,5,20190716,6.6,6.86,6.56,6.86,6.24,0.62,9.9359,756576,512831.65,化工原料,-3.07,-44.59000000000003
623,002105.SZ,信隆健康,3,20190717,5.94,5.94,5.61,5.94,5.4,0.54,10.0,576364,340409.07200000004,文教休闲,-15.04,-59.63000000000003
624,300191.SZ,潜能恒信,3,20190718,22.65,22.65,22.65,22.65,20.59,2.06,10.0049,9783,22158.495,石油开采,,
625,300191.SZ,潜能恒信,4,20190719,24.92,24.92,24.92,24.92,22.65,2.27,10.0221,5356,13347.675,石油开采,,
626,300191.SZ,潜能恒信,5,20190722,27.41,27.41,27.41,27.41,24.92,2.49,9.992,4216,11556.056,石油开采,,
627,300191.SZ,潜能恒信,6,20190723,30.15,30.15,30.15,30.15,27.41,2.74,9.9964,3723,11225.839,石油开采,,
628,300191.SZ,潜能恒信,7,20190724,33.17,33.17,33.17,33.17,30.15,3.02,10.0166,7629,25305.791,石油开采,,
629,002903.SZ,宇环数控,3,20190729,15.26,16.78,15.0,16.78,15.25,1.53,10.0328,127560,202748.397,机床制造,-2.58,-62.21000000000003
630,002903.SZ,宇环数控,4,20190730,18.0,18.46,16.76,18.46,16.78,1.68,10.0119,187433,336524.451,机床制造,0.6,-61.61000000000003
631,000890.SZ,*ST胜尔,3,20190731,6.0,6.22,5.81,6.22,5.65,0.57,10.0885,321171,197097.90399999998,钢加工,12.06,-49.550000000000026
632,000890.SZ,*ST胜尔,4,20190801,6.26,6.84,6.26,6.84,6.22,0.62,9.9678,1066429,714354.822,钢加工,8.81,-40.74000000000002
633,002881.SZ,美格智能,3,20190805,30.88,31.81,28.92,31.81,28.92,2.89,9.9931,118106,365440.883,通信设备,-7.77,-48.51000000000002
634,300748.SZ,金力永磁,4,20190807,63.0,65.23,60.5,65.23,59.3,5.93,10.0,149159,944823.255,元器件,-8.99,-57.50000000000002
635,002949.SZ,华阳国际,4,20190808,26.48,28.86,25.5,28.86,26.24,2.62,9.9848,166442,461499.166,建筑工程,7.88,-49.62000000000002
636,002949.SZ,华阳国际,5,20190809,29.21,31.75,28.68,31.75,28.86,2.89,10.0139,144956,450148.213,建筑工程,-22.56,-72.18000000000002
637,603920.SH,世运电路,3,20190813,17.34,17.34,16.78,17.34,15.76,1.58,10.0254,640405,1105206.46,元器件,-7.39,-79.57000000000002
638,002751.SZ,易尚展示,3,20190815,23.2,26.16,22.38,26.16,23.78,2.38,10.0084,204735,492119.021,家居用品,,
639,600152.SH,维科技术,3,20190816,6.51,6.52,6.14,6.52,5.93,0.59,9.9494,337967,219145.07100000003,电气设备,,
640,600152.SH,维科技术,4,20190819,7.17,7.17,6.93,7.17,6.52,0.65,9.9693,220069,157728.039,电气设备,,
641,600152.SH,维科技术,5,20190820,7.89,7.89,7.89,7.89,7.17,0.72,10.0418,36425,28740.011000000002,电气设备,-10.17,-89.74000000000002
642,002201.SZ,九鼎新材,5,20190821,20.25,22.23,20.1,22.23,20.21,2.02,9.9951,483538,1046379.066,玻璃,7.21,-82.53000000000003
643,002201.SZ,九鼎新材,6,20190822,23.36,24.45,22.59,24.45,22.23,2.22,9.9865,472986,1123714.522,玻璃,-5.0,-87.53000000000003
644,002201.SZ,九鼎新材,7,20190823,26.3,26.9,25.0,26.9,24.45,2.45,10.0204,716421,1897346.2680000002,玻璃,0.89,-86.64000000000003
645,000056.SZ,皇庭国际,4,20190826,5.08,5.69,4.99,5.69,5.17,0.52,10.058,844593,462723.239,房产服务,-2.28,-88.92000000000003
646,003816.SZ,中国广核,4,20190828,4.35,4.35,4.35,4.35,3.95,0.4,10.1266,69361,30172.069,新型电力,,
647,003816.SZ,中国广核,5,20190829,4.79,4.79,4.79,4.79,4.35,0.44,10.1149,123160,58993.745,新型电力,-10.76,-99.68000000000004
648,002417.SZ,深南股份,5,20190904,9.86,9.99,9.1,9.99,9.08,0.91,10.022,641678,626416.267,软件服务,0.53,-99.15000000000003
649,002417.SZ,深南股份,6,20190905,10.88,10.99,10.38,10.99,9.99,1.0,10.01,572856,621942.067,软件服务,-0.61,-99.76000000000003
650,002134.SZ,天津普林,4,20190909,11.73,11.73,11.73,11.73,10.66,1.07,10.0375,83356,97777.256,元器件,,
651,002134.SZ,天津普林,5,20190910,12.9,12.9,12.71,12.9,11.73,1.17,9.9744,176856,227980.234,元器件,-16.42,-116.18000000000004
652,300061.SZ,旗天科技,5,20190911,9.1,9.31,9.0,9.31,8.46,0.85,10.0473,142147,130981.788,互联网,10.89,-105.29000000000003
653,300270.SZ,中威电子,4,20190912,11.29,12.07,11.11,12.07,10.97,1.1,10.0273,501087,596275.135,通信设备,-13.54,-118.83000000000004
654,300480.SZ,光力科技,3,20190916,19.99,21.13,19.61,21.13,19.21,1.92,9.9948,84265,172345.65399999998,专用机械,-17.79,-136.62000000000003
655,002819.SZ,东方中科,3,20190917,26.5,27.13,25.9,27.13,24.66,2.47,10.0162,165841,447285.508,电器仪表,27.44,-109.18000000000004
656,002819.SZ,东方中科,4,20190918,28.5,29.84,26.68,29.84,27.13,2.71,9.9889,319598,929917.1309999999,电器仪表,26.94,-82.24000000000004
657,002819.SZ,东方中科,5,20190919,28.61,32.82,27.91,32.82,29.84,2.98,9.9866,259548,770863.55,电器仪表,5.39,-76.85000000000004
658,002819.SZ,东方中科,6,20190920,34.35,36.1,33.64,36.1,32.82,3.28,9.9939,280915,984139.71,电器仪表,-0.94,-77.79000000000003
659,002917.SZ,金奥博,5,20190923,21.38,24.9,21.3,24.9,22.64,2.26,9.9823,261652,620504.121,化工原料,-6.11,-83.90000000000003
660,002552.SZ,宝鼎科技,6,20190925,15.33,15.33,15.33,15.33,13.94,1.39,9.9713,8852,13570.146,机械基件,-4.39,-88.29000000000003
661,002552.SZ,宝鼎科技,7,20190926,15.9,16.86,15.4,16.86,15.33,1.53,9.9804,521290,852154.0970000001,机械基件,51.87,-36.42000000000004
662,603956.SH,威派格,3,20190927,23.82,25.2,23.59,25.2,22.91,2.29,9.9956,131876,325252.778,专用机械,-27.1,-63.52000000000004
663,300729.SZ,乐歌股份,4,20191008,31.18,33.17,29.0,33.17,30.15,3.02,10.0166,124870,399360.469,家居用品,-21.06,-84.58000000000004
664,002552.SZ,宝鼎科技,3,20191009,22.0,23.45,22.0,23.45,21.32,2.13,9.9906,208404,476875.615,机械基件,2.76,-81.82000000000004
665,002552.SZ,宝鼎科技,4,20191010,25.38,25.8,24.44,25.8,23.45,2.35,10.0213,167708,426169.907,机械基件,-7.76,-89.58000000000004
666,300598.SZ,诚迈科技,6,20191015,62.28,62.28,60.0,62.28,56.62,5.66,9.9965,127775,793419.304,软件服务,,
667,300598.SZ,诚迈科技,7,20191016,68.51,68.51,68.51,68.51,62.28,6.23,10.0032,19166,131306.608,软件服务,12.6,-76.98000000000005
668,300792.SZ,壹网壹创,3,20191017,130.05,130.05,130.05,130.05,118.23,11.82,9.9975,2459,31986.967,互联网,0.62,-76.36000000000004
669,300792.SZ,壹网壹创,4,20191018,138.0,143.06,131.01,143.06,130.05,13.01,10.0038,50702,703724.677,互联网,-2.61,-78.97000000000004
670,000662.SZ,*ST天夏,3,20191021,4.8,5.47,4.47,5.47,4.97,0.5,10.0604,769530,391239.30799999996,软件服务,-9.86,-88.83000000000004
671,600223.SH,鲁商发展,5,20191024,6.64,6.64,6.64,6.64,6.04,0.6,9.9338,32399,21513.58,区域地产,,
672,600223.SH,鲁商发展,6,20191025,7.3,7.3,7.3,7.3,6.64,0.66,9.9398,784119,572407.096,区域地产,-11.32,-100.15000000000003
673,300551.SZ,古鳌科技,5,20191028,24.84,24.84,23.8,24.84,22.58,2.26,10.0089,200215,496796.792,IT设备,,
674,300089.SZ,文化长城,4,20191029,4.92,4.92,4.92,4.92,4.47,0.45,10.0671,82940,40806.568,文教休闲,6.11,-94.04000000000003
675,300089.SZ,文化长城,5,20191030,4.8,5.41,4.43,5.41,4.92,0.49,9.9593,1354373,677308.0140000001,文教休闲,6.97,-87.07000000000004
676,300089.SZ,文化长城,6,20191031,5.35,5.95,5.0,5.95,5.41,0.54,9.9815,1032141,570167.779,文教休闲,-3.06,-90.13000000000004
677,600615.SH,丰华股份,3,20191101,9.8,10.29,9.41,10.29,9.35,0.94,10.0535,250100,247914.961,小金属,-14.13,-104.26000000000003
678,002799.SZ,环球印务,3,20191104,19.58,19.58,18.81,19.58,17.8,1.78,10.0,147599,287499.041,广告包装,-15.56,-119.82000000000004
679,000673.SZ,*ST当代,4,20191106,4.05,4.24,3.92,4.24,3.85,0.39,10.1299,1242031,516002.214,影视音像,0.57,-119.25000000000004
680,002552.SZ,宝鼎科技,4,20191114,23.66,26.5,23.5,26.5,24.09,2.41,10.0042,373976,961376.985,机械基件,6.57,-112.68000000000004
681,002552.SZ,宝鼎科技,5,20191115,27.0,29.15,25.36,29.15,26.5,2.65,10.0,423721,1171029.586,机械基件,-12.13,-124.81000000000003
682,002502.SZ,*ST鼎龙,3,20191118,3.4,3.48,3.3,3.48,3.16,0.32,10.1266,1225369,423355.11,影视音像,19.89,-104.92000000000003
683,002502.SZ,*ST鼎龙,4,20191119,3.39,3.83,3.39,3.83,3.48,0.35,10.0575,889460,326476.387,影视音像,-3.14,-108.06000000000003
684,002502.SZ,*ST鼎龙,5,20191120,4.18,4.21,4.09,4.21,3.83,0.38,9.9217,1048132,440082.635,影视音像,-8.64,-116.70000000000003
685,000835.SZ,*ST长动,3,20191121,4.02,4.38,3.76,4.38,3.98,0.4,10.0503,489897,200781.887,影视音像,1.61,-115.09000000000003
686,000835.SZ,*ST长动,4,20191122,4.55,4.82,4.55,4.82,4.38,0.44,10.0457,420742,200776.52800000002,影视音像,3.78,-111.31000000000003
687,000835.SZ,*ST长动,5,20191125,4.86,5.3,4.34,5.3,4.82,0.48,9.9585,751925,363703.62,影视音像,-18.04,-129.35000000000002
688,603555.SH,*ST贵人,4,20191126,4.68,5.15,4.53,5.15,4.68,0.47,10.0427,458791,226832.484,服饰,-18.36,-147.71000000000004
689,600678.SH,四川金顶,3,20191127,5.7,6.13,5.46,6.13,5.57,0.56,10.0539,778534,458203.826,水泥,-12.02,-159.73000000000005
690,600243.SH,*ST海华,3,20191129,5.08,5.2,4.86,5.2,4.73,0.47,9.9366,478358,243498.887,机床制造,-3.06,-162.79000000000005
691,600243.SH,*ST海华,4,20191202,5.49,5.72,5.4,5.72,5.2,0.52,10.0,389794,219911.296,机床制造,-4.5,-167.29000000000005
692,300643.SZ,万通智控,3,20191203,12.59,14.19,12.59,14.19,12.9,1.29,10.0,228970,308023.604,汽车配件,13.02,-154.27000000000004
693,300643.SZ,万通智控,4,20191204,15.18,15.61,14.91,15.61,14.19,1.42,10.007,121772,187077.75100000002,汽车配件,1.07,-153.20000000000005
694,300643.SZ,万通智控,5,20191205,16.94,17.17,16.51,17.17,15.61,1.56,9.9936,141008,238763.992,汽车配件,3.24,-149.96000000000004
695,300643.SZ,万通智控,6,20191206,18.0,18.89,17.21,18.89,17.17,1.72,10.0175,472022,866905.9959999999,汽车配件,-5.65,-155.61000000000004
696,600712.SH,南宁百货,6,20191211,7.11,7.11,7.11,7.11,6.46,0.65,10.0619,13795,9808.806999999999,百货,,
697,600712.SH,南宁百货,7,20191212,7.82,7.82,7.82,7.82,7.11,0.71,9.9859,428488,335077.679,百货,-3.04,-158.65000000000003
698,600712.SH,南宁百货,8,20191213,8.4,8.6,8.32,8.6,7.82,0.78,9.9744,1828924,1564880.118,百货,9.67,-148.98000000000005
699,600712.SH,南宁百货,9,20191216,8.57,9.46,8.13,9.46,8.6,0.86,10.0,1808614,1580162.392,百货,2.64,-146.34000000000006
700,002291.SZ,星期六,6,20191220,12.18,12.75,11.82,12.75,11.59,1.16,10.0086,247837,308400.56,服饰,,
701,300112.SZ,万讯自控,4,20191223,11.75,11.75,11.22,11.75,10.68,1.07,10.0187,688286,805943.053,电器仪表,-8.79,-155.13000000000005
702,300707.SZ,威唐工业,3,20191224,15.51,15.99,15.05,15.99,14.54,1.45,9.9725,95834,150486.124,专用机械,,
703,300707.SZ,威唐工业,4,20191225,17.59,17.59,17.59,17.59,15.99,1.6,10.0063,29615,52092.785,专用机械,5.78,-149.35000000000005
704,300707.SZ,威唐工业,5,20191226,18.0,19.35,17.68,19.35,17.59,1.76,10.0057,288010,533571.3,专用机械,-8.28,-157.63000000000005
705,300707.SZ,威唐工业,6,20191227,20.7,21.29,20.26,21.29,19.35,1.94,10.0258,305027,640876.874,专用机械,-9.07,-166.70000000000005
706,603598.SH,引力传媒,5,20191230,15.48,15.69,14.52,15.69,14.26,1.43,10.0281,468944,725200.455,影视音像,39.24,-127.46000000000004
707,603399.SH,吉翔股份,3,20191231,12.2,13.5,12.0,13.5,12.27,1.23,10.0244,803196,1035714.359,小金属,-11.77,-139.23000000000005
708,002385.SZ,大北农,5,20200106,6.63,6.63,6.63,6.63,6.03,0.6,9.9502,124423,82492.86,饲料,,
709,002385.SZ,大北农,6,20200107,7.29,7.29,7.29,7.29,6.63,0.66,9.9548,91526,66723.095,饲料,,
710,002385.SZ,大北农,7,20200108,8.02,8.02,8.02,8.02,7.29,0.73,10.0137,2176805,1745797.866,饲料,-9.97,-149.20000000000005
711,300087.SZ,荃银高科,5,20200109,16.05,16.36,15.32,16.36,14.87,1.49,10.0202,726757,1176364.6409999998,种植业,-4.24,-153.44000000000005
712,002837.SZ,英维克,4,20200116,26.1,27.83,26.1,27.83,25.3,2.53,10.0,133054,361894.63399999996,专用机械,-0.32,-153.76000000000005
713,002837.SZ,英维克,5,20200117,29.0,30.61,27.72,30.61,27.83,2.78,9.9892,288678,843156.526,专用机械,0.81,-152.95000000000005
714,000700.SZ,模塑科技,6,20200122,10.58,11.17,9.65,11.17,10.15,1.02,10.0493,1895964,2004658.5459999999,汽车配件,36.45,-116.50000000000004
715,000700.SZ,模塑科技,7,20200123,11.0,12.29,10.7,12.29,11.17,1.12,10.0269,1782108,2108341.988,汽车配件,33.97,-82.53000000000004
716,600513.SH,联环药业,6,20200203,14.69,14.69,14.69,14.69,13.35,1.34,10.0375,45294,66538.193,化学制药,34.61,-47.920000000000044
717,600513.SH,联环药业,7,20200204,15.28,16.16,14.98,16.16,14.69,1.47,10.0068,617594,975687.79,化学制药,21.37,-26.550000000000043
718,600513.SH,联环药业,8,20200205,16.92,17.78,16.66,17.78,16.16,1.62,10.0248,271020,469876.084,化学制药,,
719,600513.SH,联环药业,9,20200206,19.56,19.56,19.2,19.56,17.78,1.78,10.0112,121190,236748.426,化学制药,,
720,600513.SH,联环药业,10,20200207,21.52,21.52,20.5,21.52,19.56,1.96,10.0204,553948,1186895.502,化学制药,-10.69,-37.240000000000045
721,300051.SZ,三五互联,8,20200210,13.63,13.63,13.01,13.63,12.39,1.24,10.0081,1057719,1439839.284,互联网,0.75,-36.490000000000045
722,300160.SZ,秀强股份,7,20200212,7.73,7.73,7.42,7.73,7.03,0.7,9.9573,432206,333490.738,玻璃,,
723,300160.SZ,秀强股份,8,20200213,8.5,8.5,8.5,8.5,7.73,0.77,9.9612,108953,92610.22,玻璃,4.04,-32.450000000000045
724,300160.SZ,秀强股份,9,20200214,8.69,9.35,8.69,9.35,8.5,0.85,10.0,898280,821902.807,玻璃,14.91,-17.540000000000045
725,300160.SZ,秀强股份,10,20200217,9.5,10.29,9.02,10.29,9.35,0.94,10.0535,1125092,1098971.3329999999,玻璃,-1.03,-18.570000000000046
726,300160.SZ,秀强股份,11,20200218,11.0,11.32,10.71,11.32,10.29,1.03,10.0097,1015717,1130503.755,玻璃,-6.95,-25.520000000000046
727,002613.SZ,北玻股份,6,20200219,4.62,4.62,4.62,4.62,4.2,0.42,10.0,93242,43078.172999999995,专用机械,5.17,-20.350000000000044
728,300102.SZ,乾照光电,5,20200220,7.0,7.29,7.0,7.29,6.63,0.66,9.9548,641334,462786.179,半导体,,
729,300102.SZ,乾照光电,6,20200221,8.02,8.02,8.02,8.02,7.29,0.73,10.0137,69507,55744.982,半导体,3.91,-16.440000000000044
730,002062.SZ,宏润建设,8,20200306,7.05,7.3,7.03,7.3,6.64,0.66,9.9398,2875267,2086965.084,建筑工程,-8.25,-24.690000000000044
731,600550.SH,保变电气,8,20200309,6.25,6.69,6.25,6.69,6.08,0.61,10.0329,1062216,696510.315,电气设备,9.22,-15.470000000000043
732,600550.SH,保变电气,9,20200310,6.89,7.36,6.22,7.36,6.69,0.67,10.0149,2226330,1549090.0680000002,电气设备,-7.95,-23.420000000000044
733,600550.SH,保变电气,10,20200311,7.9,8.1,7.41,8.1,7.36,0.74,10.0543,2449309,1919703.8290000001,电气设备,-1.09,-24.510000000000044
734,002676.SZ,顺威股份,6,20200316,5.23,5.81,5.23,5.81,5.28,0.53,10.0379,766098,430119.425,塑料,-21.4,-45.91000000000004
735,002953.SZ,日丰股份,6,20200320,47.82,47.82,45.47,47.82,43.47,4.35,10.0069,92903,443690.278,电气设备,-9.68,-55.59000000000004
736,300293.SZ,蓝英装备,5,20200323,12.9,13.53,12.58,13.53,12.3,1.23,10.0,707991,927472.92,专用机械,-9.73,-65.32000000000004
737,000662.SZ,*ST天夏,4,20200408,5.35,5.37,4.91,5.37,4.88,0.49,10.041,2348044,1228509.709,软件服务,-20.05,-85.37000000000003
738,300452.SZ,山河药辅,3,20200414,21.51,23.03,20.03,23.03,20.94,2.09,9.9809,247439,542252.241,化学制药,1.64,-83.73000000000003
739,002603.SZ,以岭药业,3,20200415,33.44,34.45,32.53,34.45,31.32,3.13,9.9936,572529,1937864.142,中成药,,
740,002603.SZ,以岭药业,4,20200416,37.8,37.9,37.0,37.9,34.45,3.45,10.0145,279288,1052680.071,中成药,,
741,600268.SH,国电南自,4,20200417,9.34,9.34,8.9,9.34,8.49,0.85,10.0118,934874,861339.666,电气设备,7.02,-76.71000000000004
742,600268.SH,国电南自,5,20200420,9.6,10.27,9.33,10.27,9.34,0.93,9.9572,1617937,1604115.0669999998,电气设备,14.78,-61.930000000000035
743,600268.SH,国电南自,6,20200421,10.79,11.3,9.66,11.3,10.27,1.03,10.0292,1651467,1728452.87,电气设备,12.55,-49.38000000000004
744,600268.SH,国电南自,7,20200422,11.0,12.43,10.81,12.43,11.3,1.13,10.0,1410827,1685216.1530000002,电气设备,-8.66,-58.040000000000035
745,002480.SZ,新筑股份,5,20200423,7.7,7.7,7.7,7.7,7.0,0.7,10.0,26417,20341.105,机械基件,-15.52,-73.56000000000003
746,000019.SZ,深粮控股,5,20200424,11.33,11.73,10.88,11.73,10.66,1.07,10.0375,1452403,1657649.5780000002,其他商业,-13.57,-87.13000000000002
747,000609.SZ,中迪投资,3,20200429,5.6,5.97,5.52,5.97,5.43,0.54,9.9448,829994,484526.653,区域地产,19.86,-67.27000000000002
748,000609.SZ,中迪投资,4,20200430,5.97,6.57,5.7,6.57,5.97,0.6,10.0503,610585,375085.811,区域地产,,
749,002980.SZ,华盛昌,4,20200508,45.98,50.41,45.0,50.41,45.83,4.58,9.9935,176735,860751.64,电器仪表,-6.36,-73.63000000000002
750,002046.SZ,国机精工,6,20200513,9.38,9.87,9.33,9.87,8.97,0.9,10.0334,606043,586923.958,机械基件,2.07,-71.56000000000003
751,002046.SZ,国机精工,7,20200514,10.29,10.86,10.05,10.86,9.87,0.99,10.0304,853133,907925.2159999999,机械基件,3.52,-68.04000000000003
752,002046.SZ,国机精工,8,20200515,11.04,11.95,10.22,11.95,10.86,1.09,10.0368,802022,889105.1190000001,机械基件,-5.81,-73.85000000000004
753,603696.SH,安记食品,5,20200518,14.58,15.88,14.58,15.88,14.44,1.44,9.9723,388300,592546.136,食品,10.97,-62.88000000000004
754,603696.SH,安记食品,6,20200519,15.58,17.47,14.45,17.47,15.88,1.59,10.0126,469932,751407.055,食品,-4.31,-67.19000000000004
755,603929.SH,亚翔集成,5,20200520,22.36,22.36,21.51,22.36,20.33,2.03,9.9852,341100,761497.16,装修装饰,-11.22,-78.41000000000004
756,601778.SH,晶科科技,4,20200521,7.61,7.61,7.61,7.61,6.92,0.69,9.9711,12855,9782.838,新型电力,,
757,601778.SH,晶科科技,5,20200522,8.37,8.37,8.37,8.37,7.61,0.76,9.9869,174961,146442.77599999998,新型电力,6.54,-71.87000000000003
758,000551.SZ,创元科技,4,20200525,10.5,10.99,10.2,10.99,9.99,1.0,10.01,594648,641025.585,专用机械,10.12,-61.750000000000036
759,000551.SZ,创元科技,5,20200526,11.42,12.09,11.3,12.09,10.99,1.1,10.0091,677918,798777.699,专用机械,-6.54,-68.29000000000003
760,300367.SZ,ST网力,5,20200528,4.38,4.38,4.33,4.38,3.98,0.4,10.0503,1116793,489106.037,IT设备,-8.06,-76.35000000000004
761,000567.SZ,海德股份,6,20200603,14.69,15.22,14.5,15.22,13.84,1.38,9.9711,881725,1327567.656,多元金融,-16.66,-93.01000000000003
762,603353.SH,和顺石油,4,20200609,45.27,45.27,42.5,45.27,41.15,4.12,10.0122,131647,583277.186,石油贸易,-6.09,-99.10000000000004
763,002612.SZ,朗姿股份,3,20200610,10.97,11.09,10.61,11.09,10.08,1.01,10.0198,392809,433502.63399999996,服饰,5.6,-93.50000000000004
764,002612.SZ,朗姿股份,4,20200611,11.97,12.2,11.97,12.2,11.09,1.11,10.009,130879,158806.017,服饰,7.97,-85.53000000000004
765,600859.SH,王府井,4,20200612,35.46,36.44,34.48,36.44,33.13,3.31,9.9909,312973,1120906.861,百货,0.76,-84.77000000000004
766,600859.SH,王府井,5,20200615,38.7,40.08,38.0,40.08,36.44,3.64,9.988999999999999,416365,1654780.0269999998,百货,-3.23,-88.00000000000004
767,300246.SZ,宝莱特,5,20200617,36.59,36.71,36.13,36.71,33.37,3.34,10.009,35748,131058.07699999999,医疗保健,,
768,002425.SZ,凯撒文化,5,20200618,15.02,15.02,15.02,15.02,13.65,1.37,10.0366,54136,81312.572,互联网,,
769,002425.SZ,凯撒文化,6,20200619,16.52,16.52,15.69,16.52,15.02,1.5,9.9867,2829146,4628498.893,互联网,-0.48,-88.48000000000005
770,002909.SZ,集泰股份,3,20200622,10.72,11.3,10.72,11.3,10.27,1.03,10.0292,119701,134151.101,化工原料,-20.09,-108.57000000000005
771,600318.SH,新力金融,3,20200623,11.0,11.7,10.96,11.7,10.64,1.06,9.9624,1235237,1424023.759,多元金融,-1.89,-110.46000000000005
772,600318.SH,新力金融,4,20200624,12.49,12.87,12.14,12.87,11.7,1.17,10.0,1028735,1310895.642,多元金融,5.23,-105.23000000000005
773,300612.SZ,宣亚国际,3,20200629,24.2,27.37,23.14,27.37,24.88,2.49,10.008,141559,361238.50299999997,广告包装,11.49,-93.74000000000005
774,300612.SZ,宣亚国际,4,20200630,27.0,30.11,26.2,30.11,27.37,2.74,10.011000000000001,114035,331611.291,广告包装,3.13,-90.61000000000006
775,300464.SZ,星徽精密,8,20200707,21.21,21.21,21.1,21.21,19.28,1.93,10.0104,103188,218852.77899999998,机械基件,,
776,300464.SZ,星徽精密,9,20200708,23.33,23.33,22.2,23.33,21.21,2.12,9.9953,171004,397055.196,机械基件,0.19,-90.42000000000006
777,300464.SZ,星徽精密,10,20200709,24.49,25.66,23.6,25.66,23.33,2.33,9.9871,336850,827422.145,机械基件,-4.21,-94.63000000000005
778,000698.SZ,沈阳化工,8,20200713,6.61,6.61,6.4,6.61,6.01,0.6,9.9834,584738,386162.69700000004,化工原料,13.61,-81.02000000000005
779,000698.SZ,沈阳化工,9,20200714,6.88,7.27,6.61,7.27,6.61,0.66,9.9849,1671358,1183548.7179999999,化工原料,,
780,000698.SZ,沈阳化工,10,20200715,8.0,8.0,8.0,8.0,7.27,0.73,10.0413,150468,120374.51199999999,化工原料,-14.35,-95.37000000000005
781,603488.SH,展鹏科技,5,20200716,10.33,10.33,9.55,10.33,9.39,0.94,10.0106,586921,591985.7239999999,电气设备,-16.83,-112.20000000000005
782,000524.SZ,岭南控股,5,20200717,11.12,11.12,11.12,11.12,10.11,1.01,9.9901,120854,134389.725,酒店餐饮,-16.84,-129.04000000000005
783,000421.SZ,南京公用,5,20200720,7.1,7.41,7.0,7.41,6.74,0.67,9.9407,237427,173462.671,供气供热,,
784,000421.SZ,南京公用,6,20200721,8.15,8.15,7.5,8.15,7.41,0.74,9.9865,1142225,909740.5240000001,供气供热,10.33,-118.71000000000005
785,600178.SH,东安动力,4,20200722,7.41,7.72,7.11,7.72,7.02,0.7,9.9715,248425,186218.572,汽车配件,,
786,600178.SH,东安动力,5,20200723,8.49,8.49,8.49,8.49,7.72,0.77,9.9741,32603,27680.21,汽车配件,,
787,600178.SH,东安动力,6,20200724,9.34,9.34,9.3,9.34,8.49,0.85,10.0118,450207,420489.054,汽车配件,-16.91,-135.62000000000006
788,603488.SH,展鹏科技,3,20200727,12.54,12.54,12.4,12.54,11.4,1.14,10.0,143540,179966.24,电气设备,,
789,000411.SZ,英特集团,3,20200728,17.04,17.04,16.45,17.04,15.49,1.55,10.0065,300914,512105.675,医药商业,35.31,-100.31000000000006
790,000411.SZ,英特集团,4,20200729,17.52,18.74,17.36,18.74,17.04,1.7,9.9765,134276,241647.71399999998,医药商业,,
791,000411.SZ,英特集团,5,20200730,20.61,20.61,20.61,20.61,18.74,1.87,9.9787,11546,23797.377,医药商业,,
792,000411.SZ,英特集团,6,20200731,22.67,22.67,22.03,22.67,20.61,2.06,9.9951,161595,365859.755,医药商业,,
793,000411.SZ,英特集团,7,20200803,24.8,24.94,24.02,24.94,22.67,2.27,10.0132,164965,409403.01200000005,医药商业,-5.68,-105.99000000000007
794,002625.SZ,光启技术,7,20200804,23.87,23.87,23.87,23.87,21.7,2.17,10.0,25506,60883.418,汽车配件,,
795,002625.SZ,光启技术,8,20200805,26.26,26.26,26.26,26.26,23.87,2.39,10.0126,67549,177383.7,汽车配件,,
796,000828.SZ,东莞控股,6,20200806,13.0,13.75,12.25,13.75,12.5,1.25,10.0,1232577,1610947.039,路桥,17.03,-88.96000000000006
797,300099.SZ,精准信息,6,20200810,11.36,11.36,11.2,11.36,10.33,1.03,9.971,1519089,1724737.7859999998,电器仪表,-4.16,-93.12000000000006
798,002417.SZ,深南股份,4,20200811,10.33,11.36,10.05,11.36,10.33,1.03,9.971,516079,569820.243,软件服务,-3.69,-96.81000000000006
799,002417.SZ,深南股份,5,20200812,11.89,12.5,10.55,12.5,11.36,1.14,10.0352,1294008,1524296.4009999998,软件服务,-7.81,-104.62000000000006
800,002506.SZ,协鑫集成,4,20200813,5.5,5.73,5.49,5.73,5.21,0.52,9.9808,3875052,2179754.366,电气设备,-22.68,-127.30000000000007
801,300278.SZ,华昌达,4,20200814,6.28,6.4,5.8,6.4,5.82,0.58,9.9656,733126,454169.586,专用机械,6.1,-121.20000000000007
802,300278.SZ,华昌达,5,20200817,6.64,7.04,6.03,7.04,6.4,0.64,10.0,1455321,975155.225,专用机械,-11.95,-133.15000000000006
803,002108.SZ,沧州明珠,5,20200818,6.09,6.09,6.09,6.09,5.54,0.55,9.9278,125391,76363.271,塑料,,
804,002108.SZ,沧州明珠,6,20200819,6.7,6.7,6.6,6.7,6.09,0.61,10.0164,1545743,1035468.87,塑料,-5.75,-138.90000000000006
805,600589.SH,广东榕泰,3,20200820,5.13,5.69,4.91,5.69,5.17,0.52,10.058,1003350,542009.121,塑料,-17.57,-156.47000000000006
806,300313.SZ,天山生物,5,20200824,7.99,9.31,7.8,9.31,7.76,1.55,19.9742,275266,239978.052,农业综合,,
807,300313.SZ,天山生物,7,20200825,10.2,11.17,10.07,11.17,9.31,1.86,19.9785,317937,345748.00700000004,农业综合,-1.85,-158.32000000000005
808,300313.SZ,天山生物,9,20200826,12.0,13.4,10.53,13.4,11.17,2.23,19.9642,521667,644473.844,农业综合,33.83,-124.49000000000005
809,300313.SZ,天山生物,11,20200827,12.39,16.08,11.53,16.08,13.4,2.68,20.0,576813,830882.7609999999,农业综合,5.9,-118.59000000000005
810,300337.SZ,银邦股份,4,20200901,6.5,7.14,6.4,7.14,5.95,1.19,20.0,1370693,949922.718,铝,,
811,300313.SZ,天山生物,13,20200902,17.35,19.3,16.79,19.3,16.08,3.22,20.0249,378997,687529.1159999999,农业综合,3.34,-115.25000000000004
812,300313.SZ,天山生物,15,20200903,19.3,23.16,18.51,23.16,19.3,3.86,20.0,671737,1401383.715,农业综合,30.82,-84.43000000000004
813,300301.SZ,长方集团,6,20200904,5.0,5.77,4.88,5.77,4.81,0.96,19.9584,1654821,906643.067,半导体,,
814,300301.SZ,长方集团,8,20200907,6.92,6.92,6.81,6.92,5.77,1.15,19.9307,475580,328767.151,半导体,,
815,300301.SZ,长方集团,10,20200908,7.7,8.3,7.15,8.3,6.92,1.38,19.9422,1985082,1571777.655,半导体,-11.57,-96.00000000000003
816,300185.SZ,通裕重工,5,20200909,5.63,6.46,5.63,6.04,5.38,0.66,12.2677,10873231,6758369.039,工程机械,-25.7,-121.70000000000003
817,300863.SZ,卡倍亿,6,20200915,94.0,106.25,89.6,106.25,88.54,17.71,20.0023,88001,882923.464,汽车配件,18.51,-103.19000000000003
818,300863.SZ,卡倍亿,8,20200916,106.25,127.5,100.01,127.5,106.25,21.25,20.0,84897,975534.7390000001,汽车配件,-1.84,-105.03000000000003
819,300881.SZ,盛德鑫泰,4,20200917,47.07,51.85,44.0,51.85,43.21,8.64,19.9954,173974,857771.689,钢加工,-9.45,-114.48000000000003
820,300405.SZ,科隆股份,4,20200918,14.27,16.18,14.27,16.18,13.48,2.7,20.0297,668269,1032565.3929999999,化工原料,-3.31,-117.79000000000003
821,600481.SH,双良节能,4,20200921,4.94,4.94,4.94,4.94,4.49,0.45,10.0223,76604,37842.712,环境保护,17.36,-100.43000000000004
822,600481.SH,双良节能,5,20200922,5.12,5.43,4.72,5.43,4.94,0.49,9.919,2471557,1277652.8329999999,环境保护,1.58,-98.85000000000004
823,600481.SH,双良节能,6,20200923,5.9,5.97,5.9,5.97,5.43,0.54,9.9448,604810,359781.19200000004,环境保护,-12.54,-111.39000000000004
824,603976.SH,正川股份,3,20200924,63.02,70.18,61.05,70.18,63.8,6.38,10.0,170689,1154732.0159999998,医疗保健,-5.86,-117.25000000000004
825,002931.SZ,锋龙股份,3,20200925,20.04,22.39,20.04,22.37,20.35,2.02,9.9263,213085,465468.967,汽车配件,-0.1,-117.35000000000004
826,688595.SH,芯海科技,3,20200929,64.54,73.68,63.8,69.8,62.81,6.99,11.1288,128548,882382.806,半导体,-8.89,-126.24000000000004
827,300581.SZ,晨曦航空,4,20200930,24.57,28.08,23.82,28.08,23.4,4.68,20.0,251743,657258.373,航空,,
828,300581.SZ,晨曦航空,6,20201009,31.0,33.7,30.11,33.7,28.08,5.62,20.0142,272376,887025.223,航空,2.7,-123.54000000000003
829,300581.SZ,晨曦航空,7,20201012,34.37,40.3,33.12,38.3,33.7,4.6,13.6499,343051,1238104.978,航空,-2.78,-126.32000000000004
830,300722.SZ,新余国科,7,20201014,86.0,90.02,78.4,90.02,75.02,15.0,19.9947,217573,1853839.06,专用机械,-25.44,-151.76000000000005
831,300062.SZ,中能电气,7,20201015,13.27,15.31,12.33,14.48,12.76,1.72,13.4796,1032920,1449305.0769999998,电气设备,-4.93,-156.69000000000005
832,300819.SZ,聚杰微纤,4,20201016,39.01,44.59,39.01,44.59,37.16,7.43,19.9946,167873,714021.7940000001,化纤,-1.84,-158.53000000000006
833,300819.SZ,聚杰微纤,5,20201019,46.0,53.51,42.02,50.59,44.59,6.0,13.4559,177736,865568.875,化纤,-1.03,-159.56000000000006
834,300419.SZ,浩丰科技,6,20201021,10.1,12.44,9.38,12.44,10.37,2.07,19.9614,1802636,1839217.74,软件服务,5.34,-154.22000000000006
835,300781.SZ,因赛集团,5,20201022,52.0,58.44,50.0,54.2,48.7,5.5,11.2936,196440,1054175.0990000002,广告包装,7.24,-146.98000000000005
836,300582.SZ,英飞特,4,20201023,20.85,23.62,20.85,23.62,19.68,3.94,20.0203,533352,1205854.649,半导体,18.85,-128.13000000000005
837,300582.SZ,英飞特,6,20201026,24.0,28.34,23.0,28.34,23.62,4.72,19.9831,585725,1490373.0780000002,半导体,-11.16,-139.29000000000005
838,300446.SZ,ST乐凯,4,20201027,10.18,11.3,10.18,11.3,9.42,1.88,19.9575,226837,252701.395,化工原料,-15.43,-154.72000000000006
839,300549.SZ,优德精密,4,20201028,22.5,23.57,21.88,23.57,19.64,3.93,20.0102,154320,351308.25700000004,专用机械,,
840,300549.SZ,优德精密,6,20201029,26.1,28.28,26.1,28.28,23.57,4.71,19.983,206308,559213.576,专用机械,1.81,-152.91000000000005
841,300126.SZ,锐奇股份,4,20201104,11.98,12.37,11.61,12.37,10.31,2.06,19.9806,492055,602322.253,轻工机械,20.88,-132.03000000000006
842,300126.SZ,锐奇股份,6,20201105,11.88,14.84,11.66,14.84,12.37,2.47,19.9677,894851,1131517.513,轻工机械,-19.37,-151.40000000000006
843,000816.SZ,智慧农业,5,20201109,3.6,3.7,3.26,3.7,3.36,0.34,10.119,1836012,650739.068,农用机械,6.4,-145.00000000000006
844,601702.SH,华峰铝业,3,20201111,7.97,8.35,7.78,8.35,7.59,0.76,10.0132,925594,745537.2,铝,1.24,-143.76000000000005
845,300555.SZ,路通视信,4,20201112,12.88,16.08,12.88,16.08,13.4,2.68,20.0,635295,959967.391,通信设备,-16.27,-160.03000000000006
846,300727.SZ,润禾材料,4,20201113,28.5,35.42,27.07,35.42,29.52,5.9,19.9864,269976,842261.6590000001,化工原料,14.46,-145.57000000000005
847,600321.SH,正源股份,4,20201116,2.88,3.17,2.69,3.17,2.88,0.29,10.0694,2591983,789863.109,其他建材,-24.12,-169.69000000000005
848,002172.SZ,澳洋健康,3,20201117,3.53,3.53,3.53,3.53,3.21,0.32,9.9688,120917,42683.975999999995,化纤,-14.74,-184.43000000000006
