,ts_code,name,limit_amount,trade_date,open,high,low,close,pre_close,change,pct_chg,vol,amount,industry,profits,buy_price,cumsum,buy_price_rate
2,601880.SH,大连港,2,20150109,5.34,5.72,5.22,5.72,5.2,0.52,10.0,3234698,1788539.054,港口,-9.62,5.88,-9.62,2.8
3,300244.SZ,迪安诊断,2,20150112,47.0,53.15,46.6,53.15,48.32,4.83,10.0,74879,374381.3493,医疗保健,-5.74,54.0,-15.36,1.6
4,002738.SZ,中矿资源,2,20150113,21.46,23.38,20.61,23.38,21.25,2.13,10.02,117931,261423.7715,小金属,29.96,24.5,14.600000000000001,4.79
5,002738.SZ,中矿资源,3,20150114,24.5,25.72,24.03,25.72,23.38,2.34,10.01,96134,241820.7562,小金属,19.54,26.6,34.14,3.42
8,002738.SZ,中矿资源,6,20150119,33.33,34.23,30.5,34.23,31.12,3.11,9.99,169655,560273.0343,小金属,17.46,33.6,51.6,-1.84
10,300292.SZ,吴通控股,2,20150123,24.15,25.0,24.0,25.0,22.73,2.27,9.99,181354,448123.0776,软件服务,-3.47,24.79,48.13,-0.84
13,300399.SZ,天利科技,3,20150204,92.0,95.6,91.27,95.6,86.91,8.69,10.0,14678,138218.2928,互联网,-7.87,100.99,40.260000000000005,5.64
14,002095.SZ,生意宝,3,20150205,65.0,69.08,63.83,69.08,62.8,6.28,10.0,72125,483222.4842,互联网,-11.49,72.7,28.770000000000003,5.24
15,002469.SZ,三维工程,3,20150209,19.01,20.23,18.31,20.23,18.39,1.84,10.01,435481,850628.517,建筑工程,-6.26,19.95,22.510000000000005,-1.38
18,000626.SZ,远大控股,5,20150225,32.68,32.68,30.44,32.68,29.71,2.97,10.0,115824,372748.0051,商贸代理,48.41,33.0,70.92,0.98
19,300364.SZ,中文在线,5,20150227,54.57,54.57,52.01,54.57,49.61,4.96,10.0,87603,475651.235,出版业,32.12,57.78,103.03999999999999,5.88
26,600119.SH,ST长投,3,20150313,23.0,23.28,21.51,23.28,21.16,2.12,10.02,868035,1968483.4540000001,仓储物流,16.25,23.01,119.28999999999999,-1.16
27,600119.SH,ST长投,4,20150316,23.01,25.61,23.01,25.61,23.28,2.33,10.01,546250,1330862.7140000002,仓储物流,-5.72,27.0,113.57,5.43
29,002093.SZ,国脉科技,4,20150320,12.0,12.68,11.88,12.68,11.53,1.15,9.97,904857,1121645.2142,电信运营,-3.69,13.32,109.88,5.05
31,000514.SZ,渝开发,4,20150327,9.43,9.43,9.43,9.43,8.57,0.86,10.04,11766,11095.7341,区域地产,-2.34,9.83,107.53999999999999,4.24
35,601010.SH,文峰股份,4,20150407,40.49,43.04,40.02,43.04,39.13,3.91,9.99,336277,1408667.0369999998,超市连锁,1.18,43.6,108.72,1.3
36,601010.SH,文峰股份,5,20150408,43.6,47.34,41.0,47.34,43.04,4.3,9.99,453464,2050138.352,超市连锁,-56.62,46.38,52.1,-2.03
38,600035.SH,楚天高速,7,20150416,8.99,9.52,8.98,9.52,8.65,0.87,10.06,929126,877085.725,路桥,-14.04,9.87,38.06,3.68
42,000410.SZ,*ST沈机,6,20150422,27.36,27.36,25.51,27.36,24.87,2.49,10.01,680700,1857162.3336,机床制造,4.21,28.0,42.27,2.34
43,601106.SH,中国一重,6,20150423,11.0,11.62,10.81,11.62,10.56,1.06,10.04,7907714,9070044.522,工程机械,-1.69,12.0,40.580000000000005,3.27
44,002721.SZ,金一文化,4,20150428,58.99,59.88,58.99,59.88,54.44,5.44,9.99,21814,129918.8954,服饰,-12.38,61.14,28.200000000000003,2.1
51,002427.SZ,ST尤夫,6,20150528,25.78,25.78,25.1,25.78,23.44,2.34,9.98,85550,219870.59399999998,化纤,4.85,26.78,33.050000000000004,3.88
52,002427.SZ,ST尤夫,7,20150529,26.78,28.36,23.2,28.36,25.78,2.58,10.01,309473,813153.9379,化纤,6.51,29.5,39.56,4.02
53,002427.SZ,ST尤夫,8,20150601,29.5,31.2,28.36,31.2,28.36,2.84,10.01,225598,683180.3017,化纤,-10.88,33.0,28.68,5.77
56,300040.SZ,九洲集团,5,20150610,16.37,16.37,16.37,16.37,14.88,1.49,10.01,29241,47867.9263,电气设备,10.4,17.2,39.08,5.07
58,300040.SZ,九洲集团,7,20150612,19.81,19.81,19.81,19.81,18.01,1.8,9.99,25948,51403.9191,电气设备,-16.83,19.93,22.25,0.61
59,300205.SZ,天喻信息,2,20150617,38.3,43.35,37.0,43.35,39.41,3.94,10.0,418736,1697334.0605,元器件,-17.32,43.31,4.93,-0.09
64,000020.SZ,深华发A,4,20150629,27.95,29.55,25.25,29.55,26.86,2.69,10.01,222174,633972.6236,元器件,-13.12,29.5,-8.19,-0.17
66,601599.SH,鹿港文化,5,20150723,18.39,18.39,17.5,18.39,16.72,1.67,9.99,288300,529180.863,影视音像,-4.9,19.0,-13.09,3.32
77,603616.SH,韩建河山,6,20150807,42.0,48.47,41.0,48.47,44.06,4.41,10.01,194914,879493.695,其他建材,-4.78,51.0,-17.87,5.22
79,002188.SZ,ST巴士,6,20150811,33.02,33.5,32.61,33.5,30.45,3.05,10.02,109575,366109.7473,广告包装,-6.78,34.5,-24.650000000000002,2.99
81,000558.SZ,莱茵体育,5,20150819,21.97,26.85,21.97,26.85,24.41,2.44,10.0,870738,2159522.0056,文教休闲,-17.55,27.28,-42.2,1.6
82,000628.SZ,高新发展,4,20150828,13.86,13.86,13.86,13.86,12.6,1.26,10.0,17208,23851.3968,园区开发,-33.41,14.0,-75.61,1.01
92,000025.SZ,特力A,5,20150918,34.0,34.34,29.01,34.34,31.22,3.12,9.99,255874,833049.4734,汽车服务,20.3,34.5,-55.31,0.47
93,000025.SZ,特力A,6,20150921,34.5,37.77,32.11,37.77,34.34,3.43,9.99,155224,559485.8312,汽车服务,4.39,39.66,-50.92,5.0
94,000025.SZ,特力A,7,20150922,39.66,41.55,39.35,41.55,37.77,3.78,10.01,163860,672347.8156,汽车服务,3.65,43.5,-47.27,4.69
95,000025.SZ,特力A,8,20150923,43.5,45.71,41.65,45.71,41.55,4.16,10.01,151175,679092.5527,汽车服务,7.69,47.38,-39.580000000000005,3.65
102,300191.SZ,潜能恒信,8,20151021,36.5,37.8,35.88,37.8,34.36,3.44,10.01,214730,803937.6386,石油开采,8.22,39.92,-31.360000000000007,5.61
105,000008.SZ,神州高铁,4,20151028,13.01,13.74,12.8,13.74,12.49,1.25,10.01,1116836,1496858.9089,运输设备,-8.86,14.0,-40.220000000000006,1.89
106,300459.SZ,金科文化,4,20160112,24.76,24.76,24.76,24.76,22.51,2.25,10.0,4086,10118.174,互联网,-14.11,24.6,-54.330000000000005,-0.65
107,600610.SH,ST毅达,3,20160115,10.78,11.83,10.58,11.83,10.75,1.08,10.05,304324,350537.867,建筑工程,2.93,12.11,-51.400000000000006,2.37
108,600610.SH,ST毅达,4,20160118,12.11,13.01,12.11,13.01,11.83,1.18,9.97,149905,190380.842,建筑工程,11.29,13.1,-40.11000000000001,0.69
109,000576.SZ,甘化科工,4,20160119,18.48,20.06,18.0,20.06,18.24,1.82,9.98,208080,406860.7454,综合类,-15.38,20.19,-55.49000000000001,0.65
111,600610.SH,ST毅达,6,20160122,15.3,15.74,14.81,15.74,14.31,1.43,9.99,431724,668917.37,建筑工程,-7.99,16.2,-63.48000000000001,2.92
112,603025.SH,大豪科技,3,20160125,37.3,39.05,36.88,39.05,35.5,3.55,10.0,59918,229290.34,IT设备,-17.85,40.7,-81.33000000000001,4.23
115,000019.SZ,深粮控股,3,20160201,13.52,13.52,12.91,13.52,12.29,1.23,10.01,400837,537832.9111,其他商业,31.7,13.19,-49.63000000000001,-2.44
116,000019.SZ,深粮控股,4,20160202,13.19,14.87,12.91,14.87,13.52,1.35,9.99,372531,509289.5471,其他商业,17.15,14.8,-32.48000000000001,-0.47
118,000019.SZ,深粮控股,6,20160204,17.5,18.0,17.08,18.0,16.36,1.64,10.02,246923,435746.166,其他商业,15.33,18.18,-17.150000000000013,1.0
119,002423.SZ,中粮资本,4,20160217,14.54,14.54,14.54,14.54,13.22,1.32,9.98,32498,47252.5427,多元金融,-4.29,15.3,-21.440000000000012,5.23
121,002226.SZ,江南化工,4,20160223,9.89,9.89,9.89,9.89,8.99,0.9,10.01,151167,149504.6674,化工原料,-1.13,10.31,-22.57000000000001,4.25
122,000626.SZ,远大控股,4,20160224,65.99,72.03,65.0,72.03,65.48,6.55,10.0,161120,1114095.8057,商贸代理,-7.7,73.0,-30.27000000000001,1.35
123,002741.SZ,光华科技,3,20160226,32.0,33.56,30.8,33.56,30.51,3.05,10.0,333852,1084895.8823,化工原料,-16.79,33.0,-47.06000000000001,-1.67
127,600533.SH,栖霞建设,4,20160303,7.4,7.4,7.22,7.4,6.73,0.67,9.96,1210710,895181.698,区域地产,-6.22,7.35,-53.28000000000001,-0.68
128,000029.SZ,深深房A,4,20160304,13.02,13.02,12.63,13.02,11.84,1.18,9.97,1138548,1475606.7709,区域地产,-4.1,12.99,-57.38000000000001,-0.23
129,300222.SZ,科大智能,4,20160321,26.06,26.08,25.52,26.08,23.71,2.37,10.0,132257,344528.1032,电气设备,0.93,27.6,-56.45000000000001,5.83
130,000909.SZ,数源科技,4,20160322,19.02,19.02,19.02,19.02,17.29,1.73,10.01,33575,63859.9543,综合类,3.22,20.11,-53.23000000000001,5.73
131,000909.SZ,数源科技,5,20160323,20.11,20.92,19.63,20.92,19.02,1.9,9.99,700989,1427066.4075,综合类,-3.21,20.61,-56.44000000000001,-1.48
134,002323.SZ,*ST雅博,3,20160328,38.97,38.97,38.97,38.97,35.43,3.54,9.99,11076,43166.2117,建筑工程,7.73,38.01,-48.71000000000001,-2.46
136,601608.SH,中信重工,3,20160405,6.61,6.61,6.51,6.61,6.01,0.6,9.98,620597,409913.93,专用机械,-1.54,7.0,-50.25000000000001,5.9
137,601608.SH,中信重工,4,20160406,7.0,7.27,6.89,7.27,6.61,0.66,9.98,3166296,2258092.536,专用机械,-8.48,7.25,-58.730000000000004,-0.28
138,600671.SH,*ST目药,2,20160408,29.1,32.91,29.08,32.91,29.92,2.99,9.99,61798,195107.74800000002,中成药,-11.47,34.5,-70.2,4.83
141,600233.SH,圆通速递,2,20160415,40.4,40.46,39.6,40.46,36.78,3.68,10.01,196532,794625.2390000001,仓储物流,-9.79,40.5,-79.99000000000001,0.1
143,000829.SZ,天音控股,4,20160420,16.26,16.26,16.26,16.26,14.78,1.48,10.01,318385,517694.888,其他商业,-19.26,17.0,-99.25000000000001,4.55
146,002610.SZ,爱康科技,4,20160427,16.16,16.16,16.16,16.16,14.69,1.47,10.01,128673,207935.6003,电气设备,-2.3,16.16,-101.55000000000001,0.0
147,603399.SH,吉翔股份,2,20160503,9.9,11.18,9.8,11.18,10.16,1.02,10.04,191202,201303.776,小金属,2.0,11.0,-99.55000000000001,-1.61
148,300476.SZ,胜宏科技,3,20160506,27.99,28.35,27.2,28.35,25.77,2.58,10.01,547744,1535981.9067,元器件,-15.82,27.69,-115.37,-2.33
149,600429.SH,三元股份,2,20160511,8.2,8.71,7.96,8.71,7.92,0.79,9.97,379502,314653.576,乳制品,-2.0,8.68,-117.37,-0.34
150,300340.SZ,科恒股份,2,20160512,31.55,34.73,30.0,34.73,31.57,3.16,10.01,183717,598385.752,元器件,5.66,36.49,-111.71000000000001,5.07
152,300340.SZ,科恒股份,4,20160516,40.5,42.02,37.2,42.02,38.2,3.82,10.0,349618,1396242.0823,元器件,-2.8,41.0,-114.51,-2.43
153,600367.SH,红星发展,3,20160517,12.33,12.33,11.81,12.33,11.21,1.12,9.99,528397,644945.381,化工原料,-10.58,12.34,-125.09,0.08
154,600232.SH,金鹰股份,4,20160519,12.0,13.11,11.92,13.11,11.92,1.19,9.98,475427,613111.9839999999,纺织,-3.43,13.0,-128.52,-0.84
155,600980.SH,北矿科技,2,20160527,26.8,28.09,26.68,28.09,25.54,2.55,9.98,153479,421028.56799999997,元器件,8.21,27.43,-120.31,-2.35
156,300503.SZ,昊志机电,2,20160530,48.3,51.3,48.3,51.3,46.64,4.66,9.99,90820,451251.7766,机械基件,10.43,53.0,-109.88,3.31
158,002533.SZ,金杯电工,3,20160608,13.89,13.89,12.82,13.89,12.63,1.26,9.98,1391821,1881109.645,电气设备,-10.03,13.5,-119.91,-2.81
159,600571.SH,信雅达,2,20160614,50.85,50.85,49.8,50.85,46.23,4.62,9.99,136940,695675.7459999999,软件服务,-2.96,50.94,-122.86999999999999,0.18
160,002112.SZ,三变科技,4,20160617,25.44,25.44,25.44,25.44,23.13,2.31,9.99,23643,60149.2421,电气设备,-6.64,25.43,-129.51,-0.04
161,002352.SZ,顺丰控股,2,20160621,38.0,43.29,37.78,43.29,39.35,3.94,10.01,420131,1735463.1347,仓储物流,-8.74,42.0,-138.25,-2.98
162,002703.SZ,浙江世宝,3,20160623,31.0,31.1,29.29,31.1,28.27,2.83,10.01,337522,1031639.9498,汽车配件,2.71,30.6,-135.54,-1.61
164,000025.SZ,特力A,4,20160628,73.0,73.92,71.24,73.92,67.2,6.72,10.0,96836,710608.1614,汽车服务,-2.88,73.0,-138.42,-1.24
165,300019.SZ,硅宝科技,3,20160629,17.2,17.2,16.9,17.2,15.64,1.56,9.97,81498,140102.6397,化工原料,-3.97,17.81,-142.39,3.55
166,000603.SZ,盛达资源,3,20160705,23.88,24.33,23.11,24.33,22.12,2.21,9.99,615071,1464988.0228,铅锌,0.94,23.8,-141.45,-2.18
167,002766.SZ,ST索菱,4,20160707,41.0,42.24,40.2,42.24,38.4,3.84,10.0,342440,1436167.6438,汽车配件,-7.54,43.14,-148.98999999999998,2.13
168,000519.SZ,中兵红箭,2,20160711,15.11,16.08,15.0,16.08,14.62,1.46,9.99,609529,954681.7053,矿物制品,-3.48,16.21,-152.46999999999997,0.81
171,002248.SZ,华东数控,2,20160721,13.12,14.47,12.89,14.47,13.15,1.32,10.04,595416,813518.0121,机床制造,-5.47,14.47,-157.93999999999997,0.0
175,600919.SH,江苏银行,5,20160805,12.01,12.01,11.2,12.01,10.92,1.09,9.98,5469613,6432869.097999999,银行,1.31,11.8,-156.62999999999997,-1.75
176,000918.SZ,嘉凯城,3,20160808,8.92,9.7,8.83,9.7,8.82,0.88,9.98,1515067,1442632.1739,全国地产,-4.07,9.65,-160.69999999999996,-0.52
177,000638.SZ,万方发展,3,20160817,23.56,24.64,22.5,24.64,22.4,2.24,10.0,621201,1481362.9096,软件服务,-8.95,24.79,-169.64999999999995,0.61
178,000019.SZ,深粮控股,3,20160818,17.27,18.87,17.11,18.87,17.15,1.72,10.03,884742,1589644.3741,其他商业,-14.27,19.68,-183.91999999999996,4.29
180,002611.SZ,东方精工,5,20160823,15.8,15.86,14.42,15.86,14.42,1.44,9.99,640567,976034.0834,轻工机械,-5.76,15.95,-189.67999999999995,0.57
181,603778.SH,乾景园林,2,20160824,28.31,30.6,28.09,30.6,27.82,2.78,9.99,220932,664449.94,建筑工程,-4.44,31.0,-194.11999999999995,1.31
184,002319.SZ,*ST乐通,3,20160905,20.91,20.91,20.91,20.91,19.01,1.9,9.99,6532,13660.1475,染料涂料,-5.44,21.9,-199.55999999999995,4.73
187,000678.SZ,襄阳轴承,2,20160914,10.2,10.2,10.2,10.2,9.27,0.93,10.03,72830,74287.0998,机械基件,0.65,10.57,-198.90999999999994,3.63
188,002755.SZ,奥赛康,2,20160921,59.38,65.16,56.0,65.16,59.24,5.92,9.99,87988,546354.828,化学制药,-0.72,65.1,-199.62999999999994,-0.09
190,002614.SZ,奥佳华,2,20160927,15.48,16.8,14.9,16.8,15.27,1.53,10.02,664437,1044344.6247,医疗保健,-6.38,16.68,-206.00999999999993,-0.71
192,000912.SZ,泸天化,3,20160930,10.13,10.13,10.13,10.13,9.21,0.92,9.99,165515,167667.1509,农药化肥,24.95,10.3,-181.05999999999995,1.68
193,000757.SZ,浩物股份,2,20161010,10.09,10.59,9.83,10.59,9.63,0.96,9.97,761977,773588.0607,汽车配件,8.63,11.19,-172.42999999999995,5.67
194,000757.SZ,浩物股份,3,20161011,11.19,11.65,11.18,11.65,10.59,1.06,10.01,287679,327088.6513,汽车配件,2.66,11.8,-169.76999999999995,1.29
195,603999.SH,读者传媒,3,20161012,39.46,43.76,38.91,43.76,39.78,3.98,10.01,229790,967684.31,出版业,0.66,43.3,-169.10999999999996,-1.05
196,600657.SH,信达地产,2,20161014,6.43,6.84,6.4,6.84,6.22,0.62,9.97,1399078,940909.0179999999,全国地产,1.63,7.16,-167.47999999999996,4.68
197,600657.SH,信达地产,3,20161017,7.16,7.52,7.16,7.52,6.84,0.68,9.94,1528487,1142153.887,全国地产,0.56,7.41,-166.91999999999996,-1.46
198,603918.SH,金桥信息,3,20161020,33.2,36.43,32.84,36.43,33.12,3.31,9.99,192309,672929.922,软件服务,4.96,37.19,-161.95999999999995,2.09
199,000912.SZ,泸天化,4,20161024,10.3,11.14,10.23,11.14,10.13,1.01,9.97,442289,482224.3661,农药化肥,9.19,11.76,-152.76999999999995,5.57
201,603777.SH,来伊份,5,20161028,52.75,52.75,51.88,52.75,47.95,4.8,10.01,68159,358756.49600000004,食品,12.79,53.0,-139.97999999999996,0.47
203,000935.SZ,四川双马,4,20161101,34.33,35.24,33.0,35.24,32.04,3.2,9.99,220065,765025.8570000001,水泥,-0.7,37.0,-140.67999999999995,4.99
204,000935.SZ,四川双马,5,20161102,37.0,38.76,36.2,38.75,35.24,3.51,9.96,685192,2609195.305,水泥,-13.64,38.64,-154.31999999999994,-0.28
207,002732.SZ,燕塘乳业,5,20161108,46.0,48.63,46.0,48.63,44.21,4.42,10.0,279062,1321309.202,乳制品,7.5,48.0,-146.81999999999994,-1.3
209,000595.SZ,*ST宝实,4,20161115,16.95,18.92,16.66,18.92,17.2,1.72,10.0,463482,848016.0090000001,机械基件,-8.3,18.9,-155.11999999999995,-0.11
210,300103.SZ,达刚控股,4,20161116,28.64,28.64,28.64,28.64,26.04,2.6,9.98,23681,67823.357,工程机械,-1.62,28.63,-156.73999999999995,-0.03
211,600679.SH,上海凤凰,3,20161122,30.03,31.32,29.56,31.32,28.47,2.85,10.01,156807,479852.774,文教休闲,-12.51,31.0,-169.24999999999994,-1.02
212,600608.SH,ST沪科,2,20161128,16.6,16.95,16.22,16.95,15.41,1.54,9.99,536764,902565.661,钢加工,1.87,16.8,-167.37999999999994,-0.88
213,002512.SZ,达华智能,2,20161129,22.94,22.94,21.01,22.94,20.85,2.09,10.02,884373,2002322.149,元器件,-19.63,22.67,-187.00999999999993,-1.18
214,000672.SZ,上峰水泥,3,20161205,9.28,9.87,9.28,9.87,8.97,0.9,10.03,939115,907904.293,水泥,23.29,9.6,-163.71999999999994,-2.74
215,601116.SH,三江购物,2,20161206,27.0,30.57,26.47,30.57,27.79,2.78,10.0,458077,1342173.273,超市连锁,15.37,30.57,-148.34999999999994,0.0
217,601116.SH,三江购物,4,20161208,36.99,36.99,35.65,36.99,33.63,3.36,9.99,343021,1263091.459,超市连锁,13.98,36.8,-134.36999999999995,-0.51
219,600679.SH,上海凤凰,3,20161212,32.0,33.8,31.5,33.8,30.73,3.07,9.99,216577,722725.98,文教休闲,26.96,33.02,-107.40999999999994,-2.31
223,002040.SZ,南京港,4,20161221,20.31,21.95,19.49,21.95,19.95,2.0,10.03,348869,728816.59,港口,-8.97,22.0,-116.37999999999994,0.23
225,600099.SH,林海股份,2,20161226,16.0,17.83,15.84,17.83,16.21,1.62,9.99,347644,592677.865,摩托车,9.19,18.32,-107.18999999999994,2.75
227,002300.SZ,太阳电缆,3,20170106,12.9,13.65,12.52,13.65,12.41,1.24,9.99,555294,739527.536,电气设备,-2.24,14.4,-109.42999999999994,5.49
228,002388.SZ,新亚制程,2,20170113,11.98,12.8,11.8,12.8,11.64,1.16,9.97,616756,774477.974,元器件,-7.83,13.39,-117.25999999999993,4.61
230,300311.SZ,任子行,3,20170119,15.58,17.44,15.4,17.44,15.85,1.59,10.03,394872,646244.083,软件服务,8.15,18.15,-109.10999999999993,4.07
233,002725.SZ,跃岭股份,3,20170126,25.6,28.24,24.01,28.24,25.67,2.57,10.01,263482,707389.317,汽车配件,-6.11,28.0,-115.21999999999993,-0.85
234,000885.SZ,城发环境,6,20170206,27.2,31.82,26.04,31.82,28.93,2.89,9.99,475640,1294182.044,公路,2.67,31.05,-112.54999999999993,-2.42
235,603663.SH,三祥新材,3,20170208,36.5,38.82,35.53,38.82,35.29,3.53,10.0,101419,382219.224,矿物制品,-6.7,40.61,-119.24999999999993,4.61
236,002824.SZ,和胜股份,5,20170213,52.35,52.35,46.1,52.35,47.59,4.76,10.0,226070,1178043.252,铝,3.4,53.0,-115.84999999999992,1.24
237,002824.SZ,和胜股份,6,20170214,53.0,57.59,52.5,57.58,52.35,5.23,9.99,133897,765718.932,铝,-7.68,57.59,-123.52999999999992,0.02
238,002839.SZ,张家港行,6,20170217,17.82,17.82,17.82,17.82,16.2,1.62,10.0,91917,163797.163,银行,1.82,17.63,-121.70999999999992,-1.07
239,002323.SZ,*ST雅博,2,20170220,19.79,19.79,18.3,19.79,17.99,1.8,10.01,654290,1263030.38,建筑工程,-5.15,19.78,-126.85999999999993,-0.05
243,600319.SH,ST亚星,3,20170301,13.3,13.81,12.88,13.81,12.55,1.26,10.04,345527,463528.289,化工原料,-8.8,13.79,-135.65999999999994,-0.14
244,300374.SZ,中铁装配,2,20170309,22.08,23.8,22.0,23.8,21.64,2.16,9.98,119114,272217.925,其他建材,-5.93,24.99,-141.58999999999995,5.0
245,603881.SH,数据港,2,20170310,58.27,58.27,58.27,58.27,52.97,5.3,10.01,17394,101356.295,电信运营,16.91,61.18,-124.67999999999995,4.99
248,601212.SH,白银有色,3,20170315,12.37,12.93,12.15,12.93,11.75,1.18,10.04,2254727,2839179.2260000003,铜,8.98,13.67,-115.69999999999995,5.72
250,002823.SZ,凯中精密,3,20170322,57.0,62.54,56.51,62.54,56.85,5.69,10.01,183221,1109152.886,机械基件,-7.02,62.5,-122.71999999999994,-0.06
251,002302.SZ,西部建设,3,20170324,15.68,16.42,15.4,16.42,14.93,1.49,9.98,690406,1112233.425,水泥,4.78,17.1,-117.93999999999994,4.14
259,600533.SH,栖霞建设,2,20170414,6.56,6.56,6.56,6.56,5.96,0.6,10.07,182921,119996.30699999999,区域地产,9.85,6.5,-108.08999999999995,-0.91
260,300629.SZ,新劲刚,3,20170419,54.78,54.78,54.78,54.78,49.8,4.98,10.0,4825,26434.197999999997,元器件,-9.45,54.78,-117.53999999999995,0.0
261,000856.SZ,冀东装备,3,20170426,29.57,31.14,29.57,31.14,28.31,2.83,10.0,759762,2324497.501,机械基件,19.69,33.0,-97.84999999999995,5.97
262,002836.SZ,新宏泽,3,20170428,31.69,33.56,30.55,33.56,30.51,3.05,10.0,166489,541654.02,广告包装,10.17,33.56,-87.67999999999995,0.0
264,002158.SZ,汉钟精机,4,20170503,19.27,19.47,18.66,19.46,17.7,1.76,9.94,948399,1828371.0990000002,工程机械,-5.49,19.66,-93.16999999999994,1.03
265,300419.SZ,浩丰科技,3,20170504,14.78,15.64,14.11,15.64,14.22,1.42,9.99,571243,848863.411,软件服务,-7.91,15.65,-101.07999999999994,0.06
266,600908.SH,无锡银行,3,20170505,19.9,21.68,18.62,21.67,19.71,1.96,9.94,452442,954242.554,银行,-8.17,21.4,-109.24999999999994,-1.25
267,601003.SH,柳钢股份,2,20170508,5.22,5.52,5.07,5.52,5.02,0.5,9.96,1870703,1016330.6390000001,普钢,-8.23,5.4,-117.47999999999995,-2.17
268,002865.SZ,钧达股份,2,20170509,27.5,30.72,26.95,30.72,27.93,2.79,9.99,127913,380521.21200000006,汽车配件,16.04,32.0,-101.43999999999994,4.17
270,002865.SZ,钧达股份,4,20170511,32.0,37.17,31.5,37.17,33.79,3.38,10.0,187436,642001.343,汽车配件,-7.34,38.94,-108.77999999999994,4.76
271,002350.SZ,北京科锐,4,20170519,27.23,27.23,27.23,27.23,24.75,2.48,10.02,55156,150190.93099999998,电气设备,-5.16,28.49,-113.93999999999994,4.63
274,002809.SZ,红墙股份,3,20170605,41.1,41.11,39.24,41.11,37.37,3.74,10.01,72492,295534.332,化工原料,19.85,40.44,-94.08999999999995,-1.63
275,000638.SZ,万方发展,3,20170606,13.55,14.14,12.95,14.14,12.85,1.29,10.04,540812,744506.9920000001,软件服务,8.44,14.58,-85.64999999999995,3.11
277,002837.SZ,英维克,4,20170608,32.79,32.79,32.4,32.79,29.81,2.98,10.0,171612,562688.439,专用机械,-11.32,33.6,-96.96999999999994,2.47
278,000025.SZ,特力A,3,20170612,42.5,45.33,42.2,45.33,41.21,4.12,10.0,132271,590335.572,汽车服务,-5.17,46.0,-102.13999999999994,1.48
279,002695.SZ,煌上煌,2,20170613,19.48,20.66,18.7,20.66,18.78,1.88,10.01,335309,664562.5210000001,食品,5.19,21.69,-96.94999999999995,4.99
280,002695.SZ,煌上煌,3,20170614,21.69,22.73,21.15,22.73,20.66,2.07,10.02,315118,697751.109,食品,-5.69,22.52,-102.63999999999994,-0.92
281,300153.SZ,科泰电源,3,20170615,14.48,15.07,14.37,15.07,13.7,1.37,10.0,307662,452674.62100000004,电气设备,-2.13,15.0,-104.76999999999994,-0.46
282,002822.SZ,中装建设,2,20170616,15.07,15.21,14.77,15.21,13.83,1.38,9.98,309463,468464.396,装修装饰,0.78,15.1,-103.98999999999994,-0.72
283,002591.SZ,恒大高新,2,20170619,16.3,17.02,16.21,17.02,15.47,1.55,10.02,216052,357962.99700000003,化工原料,-5.87,16.65,-109.85999999999994,-2.17
284,603197.SH,保隆科技,2,20170621,48.5,51.52,48.16,51.52,46.84,4.68,9.99,108254,539438.955,汽车配件,-0.34,51.88,-110.19999999999995,0.7
285,603326.SH,我乐家居,2,20170630,25.0,27.97,25.0,27.97,25.43,2.54,9.99,200694,549356.935,家居用品,-3.37,27.9,-113.56999999999995,-0.25
286,300633.SZ,开立医疗,2,20170704,21.78,22.53,21.5,22.53,20.48,2.05,10.01,184183,406694.348,医疗保健,21.3,22.5,-92.26999999999995,-0.13
287,300633.SZ,开立医疗,3,20170705,22.5,24.78,22.44,24.78,22.53,2.25,9.99,140194,329535.69,医疗保健,4.82,25.97,-87.44999999999996,4.8
288,300633.SZ,开立医疗,4,20170706,25.97,27.26,25.39,27.26,24.78,2.48,10.01,170090,447229.703,医疗保健,-5.64,28.6,-93.08999999999996,4.92
289,300224.SZ,正海磁材,2,20170710,11.75,12.27,11.72,12.27,11.15,1.12,10.04,509107,616282.659,元器件,-10.34,12.0,-103.42999999999996,-2.2
290,002802.SZ,洪汇新材,3,20170718,38.2,41.79,37.99,41.79,37.99,3.8,10.0,95640,382478.89,化工原料,-3.51,43.05,-106.93999999999997,3.02
291,002225.SZ,濮耐股份,2,20170724,6.49,6.49,6.4,6.49,5.9,0.59,10.0,344769,223709.915,其他建材,-3.24,6.6,-110.17999999999996,1.69
292,603305.SH,旭升股份,2,20170725,45.98,46.23,44.36,46.23,42.03,4.2,9.99,196658,895843.6440000001,汽车配件,-6.76,46.85,-116.93999999999997,1.34
293,600712.SH,南宁百货,2,20170726,7.92,8.64,7.69,8.64,7.85,0.79,10.06,212488,177777.693,百货,-2.6,8.88,-119.53999999999996,2.78
294,002457.SZ,青龙管业,3,20170803,14.64,15.65,14.53,15.65,14.23,1.42,9.98,853700,1306799.925,塑料,-5.09,15.85,-124.62999999999997,1.28
296,600569.SH,安阳钢铁,3,20170807,4.42,4.42,4.15,4.42,4.02,0.4,9.95,3366628,1467788.076,普钢,-8.43,4.53,-133.05999999999997,2.49
297,300500.SZ,启迪设计,2,20170808,34.08,34.08,32.95,34.07,30.98,3.09,9.97,103395,349509.904,建筑工程,-8.33,34.07,-141.39,0.0
298,300377.SZ,赢时胜,2,20170809,14.1,15.69,14.02,15.68,14.26,1.42,9.96,1122204,1658234.263,软件服务,-3.35,15.3,-144.73999999999998,-2.42
299,002580.SZ,圣阳股份,2,20170810,8.67,8.95,8.57,8.95,8.14,0.81,9.95,802472,706579.905,电气设备,3.36,8.77,-141.37999999999997,-2.01
301,002743.SZ,富煌钢构,3,20170814,14.6,14.99,14.41,14.99,13.63,1.36,9.98,338678,502250.32899999997,钢加工,-0.58,15.5,-141.95999999999998,3.4
302,300678.SZ,中科信息,3,20170816,33.03,36.33,32.16,36.33,33.03,3.3,9.99,117547,402720.042,软件服务,16.91,36.33,-125.04999999999998,0.0
303,300678.SZ,中科信息,4,20170817,36.33,39.96,36.0,39.96,36.33,3.63,9.99,69581,264768.917,软件服务,63.85,42.11,-61.19999999999998,5.38
304,600876.SH,洛阳玻璃,3,20170821,24.22,24.22,23.91,24.22,22.02,2.2,9.99,77090,186664.90300000002,玻璃,-4.88,24.47,-66.07999999999998,1.03
305,603602.SH,纵横通信,3,20170822,46.87,46.87,46.87,46.87,42.61,4.26,10.0,3884,18204.495,通信设备,44.65,49.6,-21.429999999999986,5.82
310,603042.SH,华脉科技,3,20170829,33.7,33.72,32.24,33.72,30.65,3.07,10.02,222478,742978.1340000001,通信设备,7.94,33.0,-13.489999999999984,-2.14
312,300618.SZ,寒锐钴业,4,20170831,142.0,153.44,140.5,153.44,139.49,13.95,10.0,50206,738326.5759999999,小金属,10.54,156.0,-2.949999999999985,1.67
313,300678.SZ,中科信息,5,20170901,69.58,69.58,69.58,69.58,63.25,6.33,10.01,6425,44709.394,软件服务,21.27,72.0,18.320000000000014,3.48
314,300672.SZ,国科微,3,20170907,48.13,48.13,48.13,48.13,43.75,4.38,10.01,8679,41774.096,半导体,-2.2,49.0,16.120000000000015,1.81
321,603559.SH,中通国脉,3,20170921,28.0,28.86,26.8,28.86,26.24,2.62,9.98,195829,544776.591,通信设备,18.6,28.15,34.72000000000001,-2.46
323,603559.SH,中通国脉,5,20170925,33.75,34.93,32.93,34.93,31.75,3.18,10.02,184833,636258.412,通信设备,4.2,35.0,38.920000000000016,0.2
324,300581.SZ,晨曦航空,2,20170926,44.0,48.42,43.34,48.42,44.02,4.4,10.0,92488,425513.408,航空,-8.38,49.24,30.540000000000013,1.69
325,300585.SZ,奥联电子,3,20171010,23.2,24.3,22.83,24.3,22.09,2.21,10.0,84598,199439.775,汽车配件,3.01,25.68,33.55000000000001,5.68
326,300585.SZ,奥联电子,4,20171011,25.68,26.73,24.72,26.73,24.3,2.43,10.0,255824,662102.4739999999,汽车配件,0.92,26.2,34.47000000000001,-1.98
328,603813.SH,原尚股份,4,20171013,51.0,55.58,49.0,55.58,50.53,5.05,9.99,145834,771106.531,仓储物流,-6.68,54.95,27.790000000000013,-1.13
329,002264.SZ,新华都,4,20171016,15.0,15.81,14.81,15.81,14.37,1.44,10.02,448876,699895.3709999999,超市连锁,-1.37,16.0,26.420000000000012,1.2
330,300701.SZ,森霸传感,2,20171017,54.9,59.65,54.54,59.65,54.23,5.42,9.99,82857,474628.44,元器件,-18.82,61.92,7.600000000000012,3.81
333,002401.SZ,中远海科,3,20171024,16.73,17.01,16.54,17.01,15.46,1.55,10.03,452949,767602.9190000001,软件服务,-5.4,17.01,2.2000000000000117,0.0
334,603896.SH,寿仙谷,2,20171025,54.68,59.05,53.77,59.05,53.68,5.37,10.0,80809,461479.211,中成药,-8.62,59.5,-6.4199999999999875,0.76
335,002846.SZ,英联股份,2,20171026,36.88,39.77,36.35,39.77,36.15,3.62,10.01,150157,574053.805,广告包装,-9.92,41.19,-16.33999999999999,3.57
338,600517.SH,国网英大,2,20171102,7.39,8.0,7.21,8.0,7.27,0.73,10.04,777092,584352.3620000001,电气设备,-1.18,8.12,-17.51999999999999,1.5
339,300706.SZ,阿石创,3,20171107,100.3,105.0,98.7,105.0,95.45,9.55,10.01,99954,1029495.182,元器件,5.07,108.99,-12.449999999999989,3.8
340,603938.SH,三孚股份,2,20171109,34.5,38.68,34.18,38.68,35.16,3.52,10.01,158162,572851.433,化工原料,-3.75,40.39,-16.19999999999999,4.42
342,603937.SH,丽岛新材,3,20171115,27.01,32.56,27.0,32.56,29.6,2.96,10.0,316236,933990.6529999999,铝,-14.43,33.01,-30.62999999999999,1.38
343,300313.SZ,天山生物,2,20171116,12.5,13.41,12.43,13.41,12.19,1.22,10.01,152032,198097.74899999998,农业综合,-10.35,13.78,-40.97999999999999,2.76
344,002619.SZ,艾格拉斯,3,20171121,7.95,8.48,7.71,8.48,7.71,0.77,9.99,561560,458039.458,互联网,-13.8,8.9,-54.77999999999999,4.95
346,002214.SZ,大立科技,3,20171123,8.9,9.23,8.68,9.23,8.39,0.84,10.01,596769,543267.015,电器仪表,-9.54,9.19,-64.32,-0.43
347,002302.SZ,西部建设,2,20171128,14.8,16.23,14.7,16.23,14.75,1.48,10.03,437127,677600.315,水泥,1.4,17.12,-62.919999999999995,5.48
348,002302.SZ,西部建设,3,20171129,17.12,17.85,16.52,17.85,16.23,1.62,9.98,522562,903759.4720000001,水泥,-7.23,18.25,-70.14999999999999,2.24
349,002336.SZ,ST人乐,2,20171201,9.97,10.91,9.93,10.91,9.92,0.99,9.98,33353,35119.211,超市连锁,-2.64,10.96,-72.78999999999999,0.46
350,002895.SZ,川恒股份,2,20171206,24.65,26.9,24.44,26.9,24.45,2.45,10.02,155364,395028.479,化工原料,1.16,26.89,-71.63,-0.04
351,300725.SZ,药石科技,2,20171207,74.0,82.57,73.73,82.57,75.06,7.51,10.01,58869,462522.617,化学制药,8.9,85.0,-62.73,2.94
353,600520.SH,文一科技,2,20171212,20.44,20.44,19.7,20.44,18.58,1.86,10.01,82100,167130.422,机械基件,21.14,20.48,-41.589999999999996,0.2
358,600025.SH,华能水电,6,20171221,4.57,4.57,4.28,4.57,4.15,0.42,10.12,7544678,3381055.1,水力发电,13.35,4.6,-28.239999999999995,0.66
360,600903.SH,贵州燃气,4,20171225,13.35,13.94,13.1,13.94,12.67,1.27,10.02,713719,974469.15,供气供热,32.91,14.38,4.670000000000002,3.16
364,600903.SH,贵州燃气,7,20180102,16.01,18.55,15.64,18.55,16.86,1.69,10.02,438406,736602.229,供气供热,-0.27,19.07,4.400000000000002,2.8
365,600903.SH,贵州燃气,8,20180103,19.07,20.41,18.66,20.41,18.55,1.86,10.03,769639,1531242.888,供气供热,-7.18,20.0,-2.7799999999999976,-2.01
366,300675.SZ,建科院,3,20180105,33.9,37.4,33.89,37.4,34.0,3.4,10.0,126457,460053.38899999997,建筑工程,3.54,37.0,0.7600000000000025,-1.07
368,002907.SZ,华森制药,5,20180111,33.44,35.29,33.0,35.29,32.08,3.21,10.01,152027,522239.75,化学制药,0.24,37.0,1.0000000000000024,4.85
371,300487.SZ,蓝晓科技,5,20180119,28.48,29.15,27.33,29.15,26.5,2.65,10.0,202578,576939.254,化工原料,9.16,30.0,10.160000000000002,2.92
372,300561.SZ,汇金科技,2,20180125,46.5,48.0,45.15,48.0,43.64,4.36,9.99,97834,460371.62299999996,软件服务,-7.87,47.0,2.290000000000002,-2.08
374,002016.SZ,世荣兆业,3,20180130,14.7,15.96,14.56,15.96,14.51,1.45,9.99,529757,825188.76,区域地产,-7.0,15.99,-4.709999999999998,0.19
375,603058.SH,永吉股份,3,20180201,21.91,23.08,21.91,23.08,20.98,2.1,10.01,189329,433658.786,广告包装,-13.64,22.8,-18.349999999999998,-1.21
378,603895.SH,天永智能,4,20180212,58.5,58.51,56.91,58.51,53.19,5.32,10.0,34025,198937.34600000002,专用机械,-14.39,62.0,-32.739999999999995,5.96
379,002192.SZ,*ST融捷,2,20180213,26.16,26.16,26.16,26.16,23.78,2.38,10.01,19098,49962.068,专用机械,-0.51,26.16,-33.24999999999999,0.0
380,600579.SH,克劳斯,3,20180222,9.97,10.29,9.9,10.29,9.35,0.94,10.05,27983,28340.592999999997,化工机械,9.82,10.8,-23.429999999999993,4.96
384,600903.SH,贵州燃气,4,20180301,26.55,28.34,24.47,28.34,25.76,2.58,10.02,585329,1584125.616,供气供热,-1.86,29.5,-25.289999999999992,4.09
388,000790.SZ,华神科技,4,20180309,9.44,9.45,9.04,9.45,8.59,0.86,10.01,602527,562947.425,中成药,-6.8,9.8,-32.08999999999999,3.7
389,002927.SZ,泰永长征,5,20180313,53.01,55.21,50.7,55.21,50.19,5.02,10.0,158287,861380.953,电气设备,-2.89,55.97,-34.97999999999999,1.38
390,000151.SZ,中成股份,3,20180315,14.05,14.73,13.69,14.73,13.39,1.34,10.01,373097,533849.504,商贸代理,19.79,15.61,-15.18999999999999,5.97
392,300624.SZ,万兴科技,8,20180319,97.46,97.48,95.0,97.48,88.62,8.86,10.0,43089,419048.75,软件服务,6.41,102.0,-8.77999999999999,4.64
395,000151.SZ,中成股份,6,20180322,19.0,19.6,18.61,19.6,17.82,1.78,9.99,482337,923096.233,商贸代理,-10.54,19.6,-19.31999999999999,0.0
399,002864.SZ,盘龙药业,6,20180404,69.98,69.98,65.11,69.98,63.62,6.36,10.0,89913,623343.2629999999,中成药,4.67,70.0,-14.64999999999999,0.03
400,002864.SZ,盘龙药业,7,20180409,70.0,76.98,69.99,76.98,69.98,7.0,10.0,99248,736714.2840000001,中成药,-8.57,76.98,-23.21999999999999,0.0
401,300670.SZ,大烨智能,5,20180410,34.5,36.2,34.5,36.2,32.91,3.29,10.0,185957,663184.11,电气设备,-6.53,35.5,-29.749999999999993,-1.93
403,603383.SH,顶点软件,4,20180412,70.0,71.5,68.0,71.5,65.0,6.5,10.0,129169,913468.546,软件服务,-18.66,71.0,-48.41,-0.7
404,002908.SZ,德生科技,2,20180416,39.0,42.72,37.55,42.72,38.84,3.88,9.99,180860,719947.05,元器件,-6.21,45.0,-54.62,5.34
407,002806.SZ,华锋股份,3,20180419,23.3,23.3,23.3,23.3,21.18,2.12,10.01,9425,21962.16,元器件,19.82,24.5,-34.8,5.15
411,002052.SZ,*ST同洲,4,20180425,6.41,6.41,6.41,6.41,5.83,0.58,9.95,389706,249801.61,通信设备,-11.72,6.5,-46.519999999999996,1.4
412,300597.SZ,吉大通信,4,20180426,22.54,22.54,21.55,22.54,20.49,2.05,10.0,337853,752815.1209999999,通信设备,-19.75,22.88,-66.27,1.51
417,002795.SZ,永和智控,7,20180511,26.26,26.26,26.0,26.26,23.87,2.39,10.01,146836,385564.12,机械基件,-3.92,26.0,-70.19,-0.99
418,002930.SZ,宏川智慧,4,20180514,41.53,41.53,38.0,41.53,37.75,3.78,10.01,302077,1227288.738,仓储物流,8.23,44.0,-61.959999999999994,5.95
419,002931.SZ,锋龙股份,2,20180515,67.13,67.13,65.0,67.13,61.03,6.1,10.0,78588,527262.4,汽车配件,-0.96,67.0,-62.919999999999995,-0.19
423,002930.SZ,宏川智慧,8,20180522,60.74,60.81,58.0,60.81,55.28,5.53,10.0,312005,1879111.826,仓储物流,-3.39,60.98,-66.30999999999999,0.28
426,603800.SH,道森股份,5,20180525,21.99,21.99,21.99,21.99,19.99,2.0,10.01,19034,41856.866,专用机械,-1.65,22.79,-67.96,3.64
428,300490.SZ,华自科技,3,20180530,16.8,19.6,16.22,19.6,17.82,1.78,9.99,259022,477362.573,电气设备,4.8,20.0,-63.16,2.04
430,002481.SZ,双塔食品,2,20180601,4.53,4.91,4.48,4.91,4.46,0.45,10.09,1397619,652616.887,食品,-2.21,4.8,-65.36999999999999,-2.24
431,300647.SZ,超频三,3,20180606,16.78,16.78,16.78,16.78,15.25,1.53,10.03,9827,16491.115,元器件,1.0,16.8,-64.36999999999999,0.12
437,002684.SZ,ST猛狮,3,20180621,9.24,9.5,9.18,9.5,8.64,0.86,9.95,180252,169650.68899999998,电气设备,9.55,10.0,-54.81999999999999,5.26
439,300647.SZ,超频三,4,20180625,26.76,26.76,26.64,26.76,24.33,2.43,9.99,188984,505663.895,元器件,13.99,26.76,-40.82999999999999,0.0
441,300312.SZ,邦讯技术,4,20180703,9.66,9.66,9.66,9.66,8.78,0.88,10.02,72471,70007.411,通信设备,-4.52,10.0,-45.349999999999994,3.52
443,002356.SZ,*ST赫美,4,20180706,19.0,19.47,18.4,19.47,17.7,1.77,10.0,79119,152688.858,其他商业,8.34,18.9,-37.00999999999999,-2.93
449,002243.SZ,通产丽星,5,20180718,8.59,8.59,8.42,8.59,7.81,0.78,9.99,159154,136576.05,塑料,-3.46,8.8,-40.46999999999999,2.44
451,300586.SZ,美联新材,3,20180720,20.2,20.98,20.1,20.98,19.07,1.91,10.0157,161316,334299.271,化工原料,-18.27,22.0,-58.739999999999995,4.86
455,002628.SZ,成都路桥,6,20180726,7.26,7.26,7.26,7.26,6.6,0.66,10.0,31180,22636.839,建筑工程,4.87,7.28,-53.87,0.28
457,300240.SZ,飞力达,3,20180803,8.46,8.46,7.95,8.46,7.69,0.77,10.013,331003,275633.365,仓储物流,-6.35,8.51,-60.22,0.59
460,002700.SZ,ST浩源,5,20180808,11.6,11.8,10.43,11.8,10.73,1.07,9.972000000000001,353577,403279.70399999997,供气供热,-1.66,11.6,-61.879999999999995,-1.69
462,300392.SZ,腾信股份,5,20180813,9.71,9.89,9.35,9.89,8.99,0.9,10.0111,433455,423151.51,互联网,-9.85,9.81,-71.72999999999999,-0.81
464,002348.SZ,高乐股份,3,20180817,4.71,4.88,4.4,4.88,4.44,0.44,9.9099,1156692,551584.794,文教休闲,-14.71,4.8,-86.44,-1.64
465,300542.SZ,新晨科技,3,20180821,16.57,18.25,16.57,18.25,16.59,1.66,10.006,141808,245792.048,软件服务,-7.51,18.32,-93.95,0.38
466,603032.SH,德新交运,3,20180822,13.66,14.27,13.66,14.27,12.97,1.3,10.0231,162843,229941.223,公路,0.91,14.77,-93.04,3.5
467,603032.SH,德新交运,4,20180823,14.77,15.7,13.5,15.7,14.27,1.43,10.021,224807,330189.928,公路,2.49,15.67,-90.55000000000001,-0.19
468,603032.SH,德新交运,5,20180824,15.67,17.27,15.1,17.27,15.7,1.57,10.0,207961,343646.768,公路,-2.87,16.88,-93.42000000000002,-2.26
470,603032.SH,德新交运,2,20180830,17.79,19.25,17.68,19.25,17.5,1.75,10.0,300938,560090.047,公路,7.51,19.0,-85.91000000000001,-1.3
471,603032.SH,德新交运,3,20180831,19.0,21.18,18.6,21.18,19.25,1.93,10.026,292850,591454.716,公路,-8.84,21.45,-94.75000000000001,1.27
472,000669.SZ,*ST金鸿,3,20180903,5.49,5.71,5.33,5.71,5.19,0.52,10.0193,618344,348367.66799999995,供气供热,8.25,5.93,-86.50000000000001,3.85
474,300411.SZ,金盾股份,4,20180906,9.56,9.94,9.35,9.94,9.04,0.9,9.9558,432939,421732.24700000003,专用机械,2.62,10.05,-83.88000000000001,1.11
475,300411.SZ,金盾股份,5,20180907,10.05,10.93,9.94,10.93,9.94,0.99,9.9598,517079,546620.345,专用机械,3.14,10.84,-80.74000000000001,-0.82
476,600903.SH,贵州燃气,3,20180910,22.55,24.21,22.54,24.21,22.01,2.2,9.9955,409620,970660.3520000001,供气供热,-10.93,24.21,-91.67000000000002,0.0
477,002692.SZ,ST远程,3,20180911,4.26,4.39,4.26,4.39,3.99,0.4,10.0251,135186,58976.695999999996,电气设备,-0.25,4.49,-91.92000000000002,2.28
478,002692.SZ,ST远程,4,20180912,4.49,4.83,4.17,4.83,4.39,0.44,10.0228,659207,305414.779,电气设备,-0.94,4.71,-92.86000000000001,-2.48
479,300023.SZ,宝德股份,4,20180914,7.2,7.33,7.06,7.33,6.66,0.67,10.0601,205513,149864.351,专用机械,20.35,7.73,-72.51000000000002,5.46
480,300023.SZ,宝德股份,5,20180917,7.73,8.06,7.51,8.06,7.33,0.73,9.9591,271023,212765.445,专用机械,14.33,8.13,-58.18000000000002,0.87
482,300092.SZ,科新机电,4,20180920,8.68,9.02,8.67,9.02,8.2,0.82,10.0,349459,310119.021,专用机械,-14.47,8.81,-72.65000000000002,-2.33
483,603917.SH,合力科技,3,20180925,17.6,17.66,16.68,17.66,16.05,1.61,10.0312,77104,134972.747,汽车配件,-8.75,18.6,-81.40000000000002,5.32
484,002113.SZ,*ST天润,3,20180926,4.06,4.38,3.95,4.38,3.98,0.4,10.0503,720720,303524.99,互联网,4.05,4.5,-77.35000000000002,2.74
485,002113.SZ,*ST天润,4,20180927,4.5,4.82,4.48,4.82,4.38,0.44,10.0457,1189176,556118.669,互联网,-3.42,4.92,-80.77000000000002,2.07
486,002931.SZ,锋龙股份,5,20181010,44.44,46.99,44.44,46.99,42.72,4.27,9.9953,72326,336615.00700000004,汽车配件,-5.32,48.13,-86.09000000000003,2.43
487,300670.SZ,大烨智能,3,20181011,15.66,17.01,15.06,17.01,15.46,1.55,10.0259,250050,406045.477,电气设备,9.45,17.66,-76.64000000000003,3.82
489,300670.SZ,大烨智能,5,20181015,20.29,20.58,19.66,20.58,18.71,1.87,9.9947,119698,242909.313,电气设备,-4.48,20.58,-81.12000000000003,0.0
490,600766.SH,园城黄金,3,20181016,6.21,6.48,6.21,6.48,5.89,0.59,10.017000000000001,76094,48752.879,黄金,-1.22,6.68,-82.34000000000003,3.09
491,600766.SH,园城黄金,4,20181017,6.68,7.13,6.48,7.13,6.48,0.65,10.0309,430306,297161.925,黄金,-6.54,6.94,-88.88000000000004,-2.66
493,000750.SZ,国海证券,4,20181025,3.85,4.26,3.81,4.26,3.87,0.39,10.0775,3892100,1547619.625,证券,-1.77,4.44,-90.65000000000003,4.23
494,000622.SZ,恒立实业,3,20181026,4.15,4.15,4.15,4.15,3.77,0.38,10.0796,16175,6712.67,汽车配件,61.55,4.3,-29.100000000000037,3.61
495,000622.SZ,恒立实业,4,20181029,4.3,4.57,4.25,4.57,4.15,0.42,10.1205,516688,231825.17,汽车配件,51.55,4.58,22.44999999999996,0.22
501,000622.SZ,恒立实业,9,20181108,7.25,7.36,6.98,7.36,6.69,0.67,10.0149,658446,479986.652,汽车配件,31.8,7.38,54.24999999999996,0.27
507,600604.SH,市北高新,11,20181119,10.08,10.08,10.08,10.08,9.16,0.92,10.0437,154059,155292.34900000002,园区开发,-0.21,10.53,54.03999999999996,4.46
508,600604.SH,市北高新,12,20181120,10.53,11.09,10.37,11.09,10.08,1.01,10.0198,3445582,3759333.255,园区开发,-4.47,11.05,49.56999999999996,-0.36
512,002288.SZ,超华科技,6,20181203,5.5,5.68,5.42,5.68,5.16,0.52,10.0775,625873,349913.341,元器件,-13.22,5.9,36.34999999999996,3.87
516,300746.SZ,汉嘉设计,2,20181213,18.99,20.15,18.18,20.15,18.32,1.83,9.9891,118198,227683.12300000002,建筑工程,13.64,20.97,49.98999999999996,4.07
518,300746.SZ,汉嘉设计,4,20181217,24.0,24.39,23.35,24.39,22.17,2.22,10.0135,189059,456964.953,建筑工程,-21.3,25.0,28.68999999999996,2.5
519,000068.SZ,华控赛格,3,20181218,4.42,4.69,4.27,4.69,4.26,0.43,10.0939,884599,399520.782,环境保护,-3.97,4.7,24.71999999999996,0.21
524,000586.SZ,汇源通信,3,20181226,10.05,10.14,9.42,10.14,9.22,0.92,9.9783,334023,333691.515,通信设备,4.89,10.1,29.60999999999996,-0.39
525,000586.SZ,汇源通信,4,20181227,10.1,11.15,9.51,11.15,10.14,1.01,9.9606,328837,341011.888,通信设备,2.67,11.13,32.27999999999996,-0.18
527,601700.SH,风范股份,4,20190102,4.05,4.2,4.02,4.2,3.82,0.38,9.9476,619588,258384.02,电气设备,7.41,4.3,39.689999999999955,2.38
528,601700.SH,风范股份,5,20190103,4.3,4.62,4.11,4.62,4.2,0.42,10.0,916494,408022.902,电气设备,29.0,4.85,68.68999999999996,4.98
532,601700.SH,风范股份,9,20190109,6.55,6.77,6.3,6.77,6.15,0.62,10.0813,959990,632010.081,电气设备,-0.84,7.0,67.84999999999995,3.4
533,601700.SH,风范股份,10,20190110,7.0,7.45,6.91,7.45,6.77,0.68,10.0443,1690671,1226841.1670000001,电气设备,-5.27,7.3,62.579999999999956,-2.01
536,000410.SZ,*ST沈机,3,20190116,8.48,8.48,8.48,8.48,7.71,0.77,9.987,43081,36532.696,机床制造,-7.06,8.89,55.51999999999995,4.83
537,002158.SZ,汉钟精机,3,20190117,9.0,10.2,8.78,10.2,9.27,0.93,10.0324,755920,730309.853,工程机械,-8.36,9.91,47.159999999999954,-2.84
539,600218.SH,全柴动力,5,20190125,8.79,9.71,8.52,9.71,8.83,0.88,9.966000000000001,792421,734828.2790000001,农用机械,-13.49,10.05,33.66999999999995,3.5
540,600386.SH,北巴传媒,3,20190129,4.17,4.66,4.16,4.66,4.24,0.42,9.9057,565618,258164.14800000002,汽车服务,-17.88,4.67,15.789999999999953,0.21
544,000862.SZ,银星能源,5,20190212,4.8,4.8,4.8,4.8,4.36,0.44,10.0917,48571,23314.185,新型电力,34.19,5.0,49.97999999999995,4.17
555,002750.SZ,龙津药业,8,20190311,15.52,15.52,14.95,15.52,14.11,1.41,9.9929,504473,777870.55,中成药,7.38,16.0,57.35999999999995,3.09
556,002175.SZ,ST东网,8,20190312,7.37,7.72,7.0,7.72,7.02,0.7,9.9715,1306197,989259.928,电器仪表,-14.46,8.0,42.89999999999995,3.63
559,600624.SH,复旦复华,7,20190319,11.25,13.3,11.15,13.3,12.09,1.21,10.0083,1790751,2228732.045,化学制药,7.25,14.02,50.14999999999995,5.41
564,000610.SZ,西安旅游,6,20190327,14.04,16.29,14.04,16.29,14.81,1.48,9.9932,976734,1485189.7659999998,旅游服务,-19.56,16.86,30.58999999999995,3.5
565,600278.SH,东方创业,5,20190328,18.75,18.77,17.83,18.77,17.06,1.71,10.0234,557724,1028056.916,商贸代理,-10.46,18.43,20.12999999999995,-1.81
568,600146.SH,*ST环球,6,20190402,16.52,16.52,16.01,16.52,15.02,1.5,9.9867,366730,605356.853,服饰,-9.31,16.7,10.819999999999949,1.09
570,300099.SZ,精准信息,8,20190409,11.41,11.83,11.41,11.83,10.75,1.08,10.0465,1455246,1686604.371,电器仪表,-10.64,11.7,0.1799999999999482,-1.1
571,300194.SZ,福安药业,8,20190410,7.32,8.03,7.2,8.03,7.3,0.73,10.0,940631,739223.348,化学制药,-9.14,8.2,-8.960000000000052,2.12
573,600081.SH,东风科技,5,20190416,14.33,16.72,13.68,16.72,15.2,1.52,10.0,480404,708988.4190000001,汽车配件,8.11,17.09,-0.8500000000000529,2.21
574,600081.SH,东风科技,6,20190417,17.09,18.39,17.09,18.39,16.72,1.67,9.988,523650,932826.442,汽车配件,-8.44,19.4,-9.290000000000052,5.49
575,002783.SZ,凯龙股份,5,20190418,20.93,20.93,20.03,20.93,19.03,1.9,9.9842,507477,1061667.001,化工原料,1.84,20.55,-7.450000000000053,-1.82
579,300573.SZ,兴齐眼药,9,20190426,64.86,64.86,55.1,64.86,58.96,5.9,10.0068,105738,654087.14,化学制药,-9.48,64.85,-16.930000000000053,-0.02
581,300405.SZ,科隆股份,4,20190430,13.7,14.18,13.6,14.18,12.89,1.29,10.0078,75981,105665.53199999999,化工原料,14.67,14.99,-2.260000000000053,5.71
583,300405.SZ,科隆股份,6,20190507,17.16,17.16,16.69,17.16,15.6,1.56,10.0,69735,119615.19,化工原料,-4.3,18.03,-6.560000000000053,5.07
585,600127.SH,金健米业,5,20190509,5.29,5.29,5.21,5.29,4.81,0.48,9.9792,1429324,756012.1579999999,农业综合,-2.76,5.29,-9.320000000000054,0.0
588,002077.SZ,*ST大港,6,20190514,9.1,9.1,8.55,9.1,8.27,0.83,10.0363,1414539,1269436.514,区域地产,6.3,9.1,-3.0200000000000538,0.0
589,002077.SZ,*ST大港,7,20190515,9.1,10.01,8.82,10.01,9.1,0.91,10.0,1228410,1143925.038,区域地产,-1.11,10.16,-4.130000000000054,1.5
590,000713.SZ,丰乐种业,4,20190516,14.14,14.59,13.86,14.59,13.26,1.33,10.0302,782451,1129427.756,种植业,8.01,14.99,3.8799999999999457,2.74
591,000713.SZ,丰乐种业,5,20190517,14.99,16.05,14.99,16.05,14.59,1.46,10.0069,718071,1122677.742,种植业,-31.76,17.0,-27.880000000000056,5.92
595,600734.SH,*ST实达,6,20190523,13.11,13.11,13.11,13.11,11.92,1.19,9.9832,379952,498117.963,IT设备,-15.01,12.99,-42.89000000000006,-0.92
596,300748.SZ,金力永磁,6,20190530,54.27,54.27,51.01,54.27,49.34,4.93,9.9919,188457,1007225.2690000001,元器件,9.72,56.88,-33.17000000000006,4.81
599,002902.SZ,铭普光磁,5,20190604,36.5,39.49,36.5,39.49,35.9,3.59,10.0,247925,956437.192,元器件,3.04,39.59,-30.13000000000006,0.25
600,002902.SZ,铭普光磁,6,20190605,39.59,43.44,39.49,43.44,39.49,3.95,10.0025,242773,1026514.315,元器件,-11.49,42.87,-41.62000000000006,-1.31
604,300615.SZ,欣天科技,7,20190612,37.62,37.62,36.7,37.62,34.2,3.42,10.0,64151,240987.06699999998,元器件,-27.77,39.2,-69.39000000000006,4.2
605,300127.SZ,银河磁体,6,20190613,25.8,26.38,25.5,26.38,23.98,2.4,10.0083,537885,1407551.274,元器件,-18.85,26.9,-88.24000000000007,1.97
607,603258.SH,电魂网络,5,20190619,29.59,29.59,29.59,29.59,26.9,2.69,10.0,12905,38185.895,互联网,10.9,31.0,-77.34000000000006,4.77
608,603258.SH,电魂网络,6,20190620,31.0,32.55,29.18,32.55,29.59,2.96,10.0034,251005,780710.902,互联网,-1.41,34.0,-78.75000000000006,4.45
610,601038.SH,一拖股份,7,20190625,11.6,11.87,11.55,11.87,10.79,1.08,10.0093,488442,574564.81,农用机械,-18.88,11.67,-97.63000000000005,-1.68
611,300023.SZ,宝德股份,6,20190626,10.45,10.45,10.07,10.45,9.5,0.95,10.0,288613,301253.969,专用机械,-25.25,10.49,-122.88000000000005,0.38
618,002645.SZ,华宏科技,5,20190708,10.68,10.68,9.81,10.68,9.71,0.97,9.9897,485662,513628.153,专用机械,-4.7,10.38,-127.58000000000006,-2.81
619,300554.SZ,三超新材,3,20190710,22.61,22.61,22.41,22.61,20.55,2.06,10.0243,130959,296085.659,矿物制品,5.64,22.8,-121.94000000000005,0.84
620,300554.SZ,三超新材,4,20190711,22.8,24.87,22.8,24.87,22.61,2.26,9.9956,151203,362826.347,矿物制品,-12.87,25.3,-134.81000000000006,1.73
621,600078.SH,澄星股份,4,20190715,6.09,6.24,5.88,6.24,5.67,0.57,10.0529,977183,597928.926,化工原料,7.39,6.6,-127.42000000000006,5.77
622,600078.SH,澄星股份,5,20190716,6.6,6.86,6.56,6.86,6.24,0.62,9.9359,756576,512831.65,化工原料,-3.07,7.04,-130.49000000000007,2.62
630,002903.SZ,宇环数控,4,20190730,18.0,18.46,16.76,18.46,16.78,1.68,10.0119,187433,336524.451,机床制造,0.6,18.45,-129.89000000000007,-0.05
631,000890.SZ,*ST胜尔,3,20190731,6.0,6.22,5.81,6.22,5.65,0.57,10.0885,321171,197097.90399999998,钢加工,12.06,6.26,-117.83000000000007,0.64
633,002881.SZ,美格智能,3,20190805,30.88,31.81,28.92,31.81,28.92,2.89,9.9931,118106,365440.883,通信设备,-7.77,31.9,-125.60000000000007,0.28
634,300748.SZ,金力永磁,4,20190807,63.0,65.23,60.5,65.23,59.3,5.93,10.0,149159,944823.255,元器件,-8.99,69.0,-134.59000000000006,5.78
635,002949.SZ,华阳国际,4,20190808,26.48,28.86,25.5,28.86,26.24,2.62,9.9848,166442,461499.166,建筑工程,7.88,29.21,-126.71000000000006,1.21
636,002949.SZ,华阳国际,5,20190809,29.21,31.75,28.68,31.75,28.86,2.89,10.0139,144956,450148.213,建筑工程,-22.56,33.09,-149.27000000000007,4.22
637,603920.SH,世运电路,3,20190813,17.34,17.34,16.78,17.34,15.76,1.58,10.0254,640405,1105206.46,元器件,-7.39,18.0,-156.66000000000005,3.81
642,002201.SZ,九鼎新材,5,20190821,20.25,22.23,20.1,22.23,20.21,2.02,9.9951,483538,1046379.066,玻璃,7.21,23.36,-149.45000000000005,5.08
644,002201.SZ,九鼎新材,7,20190823,26.3,26.9,25.0,26.9,24.45,2.45,10.0204,716421,1897346.2680000002,玻璃,0.89,26.3,-148.56000000000006,-2.23
649,002417.SZ,深南股份,6,20190905,10.88,10.99,10.38,10.99,9.99,1.0,10.01,572856,621942.067,软件服务,-0.61,11.5,-149.17000000000007,4.64
651,002134.SZ,天津普林,5,20190910,12.9,12.9,12.71,12.9,11.73,1.17,9.9744,176856,227980.234,元器件,-16.42,13.59,-165.5900000000001,5.35
653,300270.SZ,中威电子,4,20190912,11.29,12.07,11.11,12.07,10.97,1.1,10.0273,501087,596275.135,通信设备,-13.54,12.5,-179.13000000000008,3.56
654,300480.SZ,光力科技,3,20190916,19.99,21.13,19.61,21.13,19.21,1.92,9.9948,84265,172345.65399999998,专用机械,-17.79,22.0,-196.92000000000007,4.12
655,002819.SZ,东方中科,3,20190917,26.5,27.13,25.9,27.13,24.66,2.47,10.0162,165841,447285.508,电器仪表,27.44,28.5,-169.48000000000008,5.05
657,002819.SZ,东方中科,5,20190919,28.61,32.82,27.91,32.82,29.84,2.98,9.9866,259548,770863.55,电器仪表,5.39,34.35,-164.0900000000001,4.66
658,002819.SZ,东方中科,6,20190920,34.35,36.1,33.64,36.1,32.82,3.28,9.9939,280915,984139.71,电器仪表,-0.94,35.16,-165.0300000000001,-2.6
659,002917.SZ,金奥博,5,20190923,21.38,24.9,21.3,24.9,22.64,2.26,9.9823,261652,620504.121,化工原料,-6.11,25.4,-171.1400000000001,2.01
660,002552.SZ,宝鼎科技,6,20190925,15.33,15.33,15.33,15.33,13.94,1.39,9.9713,8852,13570.146,机械基件,-4.39,15.9,-175.5300000000001,3.72
662,603956.SH,威派格,3,20190927,23.82,25.2,23.59,25.2,22.91,2.29,9.9956,131876,325252.778,专用机械,-27.1,25.5,-202.63000000000008,1.19
669,300792.SZ,壹网壹创,4,20191018,138.0,143.06,131.01,143.06,130.05,13.01,10.0038,50702,703724.677,互联网,-2.61,146.0,-205.2400000000001,2.06
670,000662.SZ,*ST天夏,3,20191021,4.8,5.47,4.47,5.47,4.97,0.5,10.0604,769530,391239.30799999996,软件服务,-9.86,5.6,-215.10000000000008,2.38
672,600223.SH,鲁商发展,6,20191025,7.3,7.3,7.3,7.3,6.64,0.66,9.9398,784119,572407.096,区域地产,-11.32,7.3,-226.42000000000007,0.0
674,300089.SZ,文化长城,4,20191029,4.92,4.92,4.92,4.92,4.47,0.45,10.0671,82940,40806.568,文教休闲,6.11,4.8,-220.31000000000006,-2.44
675,300089.SZ,文化长城,5,20191030,4.8,5.41,4.43,5.41,4.92,0.49,9.9593,1354373,677308.0140000001,文教休闲,6.97,5.35,-213.34000000000006,-1.11
677,600615.SH,丰华股份,3,20191101,9.8,10.29,9.41,10.29,9.35,0.94,10.0535,250100,247914.961,小金属,-14.13,10.2,-227.47000000000006,-0.87
678,002799.SZ,环球印务,3,20191104,19.58,19.58,18.81,19.58,17.8,1.78,10.0,147599,287499.041,广告包装,-15.56,19.2,-243.03000000000006,-1.94
679,000673.SZ,*ST当代,4,20191106,4.05,4.24,3.92,4.24,3.85,0.39,10.1299,1242031,516002.214,影视音像,0.57,4.35,-242.46000000000006,2.59
680,002552.SZ,宝鼎科技,4,20191114,23.66,26.5,23.5,26.5,24.09,2.41,10.0042,373976,961376.985,机械基件,6.57,27.0,-235.89000000000007,1.89
681,002552.SZ,宝鼎科技,5,20191115,27.0,29.15,25.36,29.15,26.5,2.65,10.0,423721,1171029.586,机械基件,-12.13,30.22,-248.02000000000007,3.67
682,002502.SZ,*ST鼎龙,3,20191118,3.4,3.48,3.3,3.48,3.16,0.32,10.1266,1225369,423355.11,影视音像,19.89,3.39,-228.13000000000005,-2.59
684,002502.SZ,*ST鼎龙,5,20191120,4.18,4.21,4.09,4.21,3.83,0.38,9.9217,1048132,440082.635,影视音像,-8.64,4.26,-236.77000000000004,1.19
685,000835.SZ,*ST长动,3,20191121,4.02,4.38,3.76,4.38,3.98,0.4,10.0503,489897,200781.887,影视音像,1.61,4.55,-235.16000000000003,3.88
686,000835.SZ,*ST长动,4,20191122,4.55,4.82,4.55,4.82,4.38,0.44,10.0457,420742,200776.52800000002,影视音像,3.78,4.86,-231.38000000000002,0.83
687,000835.SZ,*ST长动,5,20191125,4.86,5.3,4.34,5.3,4.82,0.48,9.9585,751925,363703.62,影视音像,-18.04,5.3,-249.42000000000002,0.0
689,600678.SH,四川金顶,3,20191127,5.7,6.13,5.46,6.13,5.57,0.56,10.0539,778534,458203.826,水泥,-12.02,5.99,-261.44,-2.28
690,600243.SH,*ST海华,3,20191129,5.08,5.2,4.86,5.2,4.73,0.47,9.9366,478358,243498.887,机床制造,-3.06,5.49,-264.5,5.58
691,600243.SH,*ST海华,4,20191202,5.49,5.72,5.4,5.72,5.2,0.52,10.0,389794,219911.296,机床制造,-4.5,5.6,-269.0,-2.1
694,300643.SZ,万通智控,5,20191205,16.94,17.17,16.51,17.17,15.61,1.56,9.9936,141008,238763.992,汽车配件,3.24,18.0,-265.76,4.83
695,300643.SZ,万通智控,6,20191206,18.0,18.89,17.21,18.89,17.17,1.72,10.0175,472022,866905.9959999999,汽车配件,-5.65,19.53,-271.40999999999997,3.39
698,600712.SH,南宁百货,8,20191213,8.4,8.6,8.32,8.6,7.82,0.78,9.9744,1828924,1564880.118,百货,9.67,8.57,-261.73999999999995,-0.35
699,600712.SH,南宁百货,9,20191216,8.57,9.46,8.13,9.46,8.6,0.86,10.0,1808614,1580162.392,百货,2.64,9.27,-259.09999999999997,-2.01
701,300112.SZ,万讯自控,4,20191223,11.75,11.75,11.22,11.75,10.68,1.07,10.0187,688286,805943.053,电器仪表,-8.79,11.48,-267.89,-2.3
703,300707.SZ,威唐工业,4,20191225,17.59,17.59,17.59,17.59,15.99,1.6,10.0063,29615,52092.785,专用机械,5.78,18.0,-262.11,2.33
710,002385.SZ,大北农,7,20200108,8.02,8.02,8.02,8.02,7.29,0.73,10.0137,2176805,1745797.866,饲料,-9.97,7.8,-272.08000000000004,-2.74
711,300087.SZ,荃银高科,5,20200109,16.05,16.36,15.32,16.36,14.87,1.49,10.0202,726757,1176364.6409999998,种植业,-4.24,16.63,-276.32000000000005,1.65
712,002837.SZ,英维克,4,20200116,26.1,27.83,26.1,27.83,25.3,2.53,10.0,133054,361894.63399999996,专用机械,-0.32,29.0,-276.64000000000004,4.2
713,002837.SZ,英维克,5,20200117,29.0,30.61,27.72,30.61,27.83,2.78,9.9892,288678,843156.526,专用机械,0.81,30.4,-275.83000000000004,-0.69
714,000700.SZ,模塑科技,6,20200122,10.58,11.17,9.65,11.17,10.15,1.02,10.0493,1895964,2004658.5459999999,汽车配件,36.45,11.0,-239.38000000000005,-1.52
716,600513.SH,联环药业,6,20200203,14.69,14.69,14.69,14.69,13.35,1.34,10.0375,45294,66538.193,化学制药,34.61,15.28,-204.77000000000004,4.02
717,600513.SH,联环药业,7,20200204,15.28,16.16,14.98,16.16,14.69,1.47,10.0068,617594,975687.79,化学制药,21.37,16.92,-183.40000000000003,4.7
720,600513.SH,联环药业,10,20200207,21.52,21.52,20.5,21.52,19.56,1.96,10.0204,553948,1186895.502,化学制药,-10.69,22.35,-194.09000000000003,3.86
721,300051.SZ,三五互联,8,20200210,13.63,13.63,13.01,13.63,12.39,1.24,10.0081,1057719,1439839.284,互联网,0.75,14.18,-193.34000000000003,4.04
723,300160.SZ,秀强股份,8,20200213,8.5,8.5,8.5,8.5,7.73,0.77,9.9612,108953,92610.22,玻璃,4.04,8.69,-189.30000000000004,2.24
724,300160.SZ,秀强股份,9,20200214,8.69,9.35,8.69,9.35,8.5,0.85,10.0,898280,821902.807,玻璃,14.91,9.5,-174.39000000000004,1.6
726,300160.SZ,秀强股份,11,20200218,11.0,11.32,10.71,11.32,10.29,1.03,10.0097,1015717,1130503.755,玻璃,-6.95,11.45,-181.34000000000003,1.15
727,002613.SZ,北玻股份,6,20200219,4.62,4.62,4.62,4.62,4.2,0.42,10.0,93242,43078.172999999995,专用机械,5.17,4.88,-176.17000000000004,5.63
731,600550.SH,保变电气,8,20200309,6.25,6.69,6.25,6.69,6.08,0.61,10.0329,1062216,696510.315,电气设备,9.22,6.89,-166.95000000000005,2.99
735,002953.SZ,日丰股份,6,20200320,47.82,47.82,45.47,47.82,43.47,4.35,10.0069,92903,443690.278,电气设备,-9.68,49.5,-176.63000000000005,3.51
736,300293.SZ,蓝英装备,5,20200323,12.9,13.53,12.58,13.53,12.3,1.23,10.0,707991,927472.92,专用机械,-9.73,13.53,-186.36000000000004,0.0
737,000662.SZ,*ST天夏,4,20200408,5.35,5.37,4.91,5.37,4.88,0.49,10.041,2348044,1228509.709,软件服务,-20.05,5.35,-206.41000000000005,-0.37
741,600268.SH,国电南自,4,20200417,9.34,9.34,8.9,9.34,8.49,0.85,10.0118,934874,861339.666,电气设备,7.02,9.6,-199.39000000000004,2.78
742,600268.SH,国电南自,5,20200420,9.6,10.27,9.33,10.27,9.34,0.93,9.9572,1617937,1604115.0669999998,电气设备,14.78,10.79,-184.61000000000004,5.06
743,600268.SH,国电南自,6,20200421,10.79,11.3,9.66,11.3,10.27,1.03,10.0292,1651467,1728452.87,电气设备,12.55,11.0,-172.06000000000003,-2.65
744,600268.SH,国电南自,7,20200422,11.0,12.43,10.81,12.43,11.3,1.13,10.0,1410827,1685216.1530000002,电气设备,-8.66,12.99,-180.72000000000003,4.51
747,000609.SZ,中迪投资,3,20200429,5.6,5.97,5.52,5.97,5.43,0.54,9.9448,829994,484526.653,区域地产,19.86,5.97,-160.86,0.0
750,002046.SZ,国机精工,6,20200513,9.38,9.87,9.33,9.87,8.97,0.9,10.0334,606043,586923.958,机械基件,2.07,10.29,-158.79000000000002,4.26
751,002046.SZ,国机精工,7,20200514,10.29,10.86,10.05,10.86,9.87,0.99,10.0304,853133,907925.2159999999,机械基件,3.52,11.04,-155.27,1.66
752,002046.SZ,国机精工,8,20200515,11.04,11.95,10.22,11.95,10.86,1.09,10.0368,802022,889105.1190000001,机械基件,-5.81,12.01,-161.08,0.5
753,603696.SH,安记食品,5,20200518,14.58,15.88,14.58,15.88,14.44,1.44,9.9723,388300,592546.136,食品,10.97,15.58,-150.11,-1.89
755,603929.SH,亚翔集成,5,20200520,22.36,22.36,21.51,22.36,20.33,2.03,9.9852,341100,761497.16,装修装饰,-11.22,22.0,-161.33,-1.61
757,601778.SH,晶科科技,5,20200522,8.37,8.37,8.37,8.37,7.61,0.76,9.9869,174961,146442.77599999998,新型电力,6.54,8.2,-154.79000000000002,-2.03
758,000551.SZ,创元科技,4,20200525,10.5,10.99,10.2,10.99,9.99,1.0,10.01,594648,641025.585,专用机械,10.12,11.42,-144.67000000000002,3.91
760,300367.SZ,ST网力,5,20200528,4.38,4.38,4.33,4.38,3.98,0.4,10.0503,1116793,489106.037,IT设备,-8.06,4.44,-152.73000000000002,1.37
761,000567.SZ,海德股份,6,20200603,14.69,15.22,14.5,15.22,13.84,1.38,9.9711,881725,1327567.656,多元金融,-16.66,15.23,-169.39000000000001,0.07
762,603353.SH,和顺石油,4,20200609,45.27,45.27,42.5,45.27,41.15,4.12,10.0122,131647,583277.186,石油贸易,-6.09,47.03,-175.48000000000002,3.89
766,600859.SH,王府井,5,20200615,38.7,40.08,38.0,40.08,36.44,3.64,9.988999999999999,416365,1654780.0269999998,百货,-3.23,41.0,-178.71,2.3
769,002425.SZ,凯撒文化,6,20200619,16.52,16.52,15.69,16.52,15.02,1.5,9.9867,2829146,4628498.893,互联网,-0.48,16.53,-179.19,0.06
770,002909.SZ,集泰股份,3,20200622,10.72,11.3,10.72,11.3,10.27,1.03,10.0292,119701,134151.101,化工原料,-20.09,11.7,-199.28,3.54
772,600318.SH,新力金融,4,20200624,12.49,12.87,12.14,12.87,11.7,1.17,10.0,1028735,1310895.642,多元金融,5.23,12.89,-194.05,0.16
773,300612.SZ,宣亚国际,3,20200629,24.2,27.37,23.14,27.37,24.88,2.49,10.008,141559,361238.50299999997,广告包装,11.49,27.0,-182.56,-1.35
774,300612.SZ,宣亚国际,4,20200630,27.0,30.11,26.2,30.11,27.37,2.74,10.011000000000001,114035,331611.291,广告包装,3.13,31.59,-179.43,4.92
776,300464.SZ,星徽精密,9,20200708,23.33,23.33,22.2,23.33,21.21,2.12,9.9953,171004,397055.196,机械基件,0.19,24.49,-179.24,4.97
777,300464.SZ,星徽精密,10,20200709,24.49,25.66,23.6,25.66,23.33,2.33,9.9871,336850,827422.145,机械基件,-4.21,25.8,-183.45000000000002,0.55
778,000698.SZ,沈阳化工,8,20200713,6.61,6.61,6.4,6.61,6.01,0.6,9.9834,584738,386162.69700000004,化工原料,13.61,6.88,-169.84000000000003,4.08
780,000698.SZ,沈阳化工,10,20200715,8.0,8.0,8.0,8.0,7.27,0.73,10.0413,150468,120374.51199999999,化工原料,-14.35,8.2,-184.19000000000003,2.5
781,603488.SH,展鹏科技,5,20200716,10.33,10.33,9.55,10.33,9.39,0.94,10.0106,586921,591985.7239999999,电气设备,-16.83,10.25,-201.02000000000004,-0.77
782,000524.SZ,岭南控股,5,20200717,11.12,11.12,11.12,11.12,10.11,1.01,9.9901,120854,134389.725,酒店餐饮,-16.84,10.9,-217.86000000000004,-1.98
787,600178.SH,东安动力,6,20200724,9.34,9.34,9.3,9.34,8.49,0.85,10.0118,450207,420489.054,汽车配件,-16.91,9.12,-234.77000000000004,-2.36
789,000411.SZ,英特集团,3,20200728,17.04,17.04,16.45,17.04,15.49,1.55,10.0065,300914,512105.675,医药商业,35.31,17.52,-199.46000000000004,2.82
796,000828.SZ,东莞控股,6,20200806,13.0,13.75,12.25,13.75,12.5,1.25,10.0,1232577,1610947.039,路桥,17.03,13.61,-182.43000000000004,-1.02
797,300099.SZ,精准信息,6,20200810,11.36,11.36,11.2,11.36,10.33,1.03,9.971,1519089,1724737.7859999998,电器仪表,-4.16,11.5,-186.59000000000003,1.23
798,002417.SZ,深南股份,4,20200811,10.33,11.36,10.05,11.36,10.33,1.03,9.971,516079,569820.243,软件服务,-3.69,11.89,-190.28000000000003,4.67
800,002506.SZ,协鑫集成,4,20200813,5.5,5.73,5.49,5.73,5.21,0.52,9.9808,3875052,2179754.366,电气设备,-22.68,5.98,-212.96000000000004,4.36
801,300278.SZ,华昌达,4,20200814,6.28,6.4,5.8,6.4,5.82,0.58,9.9656,733126,454169.586,专用机械,6.1,6.64,-206.86000000000004,3.75
802,300278.SZ,华昌达,5,20200817,6.64,7.04,6.03,7.04,6.4,0.64,10.0,1455321,975155.225,专用机械,-11.95,7.4,-218.81000000000003,5.11
805,600589.SH,广东榕泰,3,20200820,5.13,5.69,4.91,5.69,5.17,0.52,10.058,1003350,542009.121,塑料,-17.57,6.02,-236.38000000000002,5.8
811,300313.SZ,天山生物,13,20200902,17.35,19.3,16.79,19.3,16.08,3.22,20.0249,378997,687529.1159999999,农业综合,3.34,19.3,-233.04000000000002,0.0
817,300863.SZ,卡倍亿,6,20200915,94.0,106.25,89.6,106.25,88.54,17.71,20.0023,88001,882923.464,汽车配件,18.51,106.25,-214.53000000000003,0.0
818,300863.SZ,卡倍亿,8,20200916,106.25,127.5,100.01,127.5,106.25,21.25,20.0,84897,975534.7390000001,汽车配件,-1.84,132.0,-216.37000000000003,3.53
819,300881.SZ,盛德鑫泰,4,20200917,47.07,51.85,44.0,51.85,43.21,8.64,19.9954,173974,857771.689,钢加工,-9.45,51.0,-225.82000000000002,-1.64
820,300405.SZ,科隆股份,4,20200918,14.27,16.18,14.27,16.18,13.48,2.7,20.0297,668269,1032565.3929999999,化工原料,-3.31,16.02,-229.13000000000002,-0.99
821,600481.SH,双良节能,4,20200921,4.94,4.94,4.94,4.94,4.49,0.45,10.0223,76604,37842.712,环境保护,17.36,5.12,-211.77000000000004,3.64
823,600481.SH,双良节能,6,20200923,5.9,5.97,5.9,5.97,5.43,0.54,9.9448,604810,359781.19200000004,环境保护,-12.54,6.3,-224.31000000000003,5.53
824,603976.SH,正川股份,3,20200924,63.02,70.18,61.05,70.18,63.8,6.38,10.0,170689,1154732.0159999998,医疗保健,-5.86,71.02,-230.17000000000004,1.2
828,300581.SZ,晨曦航空,6,20201009,31.0,33.7,30.11,33.7,28.08,5.62,20.0142,272376,887025.223,航空,2.7,34.37,-227.47000000000006,1.99
830,300722.SZ,新余国科,7,20201014,86.0,90.02,78.4,90.02,75.02,15.0,19.9947,217573,1853839.06,专用机械,-25.44,89.95,-252.91000000000005,-0.08
832,300819.SZ,聚杰微纤,4,20201016,39.01,44.59,39.01,44.59,37.16,7.43,19.9946,167873,714021.7940000001,化纤,-1.84,46.0,-254.75000000000006,3.16
834,300419.SZ,浩丰科技,6,20201021,10.1,12.44,9.38,12.44,10.37,2.07,19.9614,1802636,1839217.74,软件服务,5.34,12.2,-249.41000000000005,-1.93
835,300781.SZ,因赛集团,5,20201022,52.0,58.44,50.0,54.2,48.7,5.5,11.2936,196440,1054175.0990000002,广告包装,7.24,53.99,-242.17000000000004,-0.39
836,300582.SZ,英飞特,4,20201023,20.85,23.62,20.85,23.62,19.68,3.94,20.0203,533352,1205854.649,半导体,18.85,24.0,-223.32000000000005,1.61
837,300582.SZ,英飞特,6,20201026,24.0,28.34,23.0,28.34,23.62,4.72,19.9831,585725,1490373.0780000002,半导体,-11.16,29.9,-234.48000000000005,5.5
840,300549.SZ,优德精密,6,20201029,26.1,28.28,26.1,28.28,23.57,4.71,19.983,206308,559213.576,专用机械,1.81,28.38,-232.67000000000004,0.35
842,300126.SZ,锐奇股份,6,20201105,11.88,14.84,11.66,14.84,12.37,2.47,19.9677,894851,1131517.513,轻工机械,-19.37,15.05,-252.04000000000005,1.42
844,601702.SH,华峰铝业,3,20201111,7.97,8.35,7.78,8.35,7.59,0.76,10.0132,925594,745537.2,铝,1.24,8.55,-250.80000000000004,2.4
845,300555.SZ,路通视信,4,20201112,12.88,16.08,12.88,16.08,13.4,2.68,20.0,635295,959967.391,通信设备,-16.27,15.84,-267.07000000000005,-1.49
847,600321.SH,正源股份,4,20201116,2.88,3.17,2.69,3.17,2.88,0.29,10.0694,2591983,789863.109,其他建材,-24.12,3.12,-291.19000000000005,-1.58
848,002172.SZ,澳洋健康,3,20201117,3.53,3.53,3.53,3.53,3.21,0.32,9.9688,120917,42683.975999999995,化纤,-14.74,3.61,-305.93000000000006,2.27
